Serial No,Coin,Price,1h Change,24h Change,7d Change,24h Volume,Market Cap
1,Bitcoin BTC,"$105,121",0.2%,0.7%,0.1%,,"$19,012,833,322"
2,Ethereum ETH,"$3,339.84",0.0%,1.4%,2.1%,,"$11,119,462,192"
3,XRP XRP,$3.14,0.2%,1.0%,1.3%,,"$2,845,488,387"
4,Tether USDT,$0.9998,0.0%,0.0%,0.2%,,"$47,759,046,832"
5,Solana SOL,$258.35,0.1%,4.0%,5.3%,,"$4,976,006,896"
6,BNB BNB,$689.40,0.1%,1.0%,2.2%,,"$435,216,234"
7,Dogecoin DOGE,$0.3548,0.1%,1.6%,9.6%,,"$1,338,525,813"
8,USDC USDC,$1,0.0%,0.0%,0.0%,,"$4,790,986,534"
9,Cardano ADA,$0.9934,0.4%,1.6%,6.7%,,"$493,930,393"
10,Lido Staked Ether STETH,"$3,335.69",0.0%,1.4%,2.2%,,"$62,575,632"
11,TRON TRX,$0.2531,0.2%,0.9%,5.3%,,"$481,793,519"
12,Chainlink LINK,$25.79,1.0%,3.0%,10.5%,,"$575,214,748"
13,Avalanche AVAX,$37.64,0.5%,6.2%,2.4%,,"$630,295,523"
14,Wrapped stETH WSTETH,"$3,975.83",0.0%,1.5%,2.1%,,"$54,642,312"
15,Wrapped Bitcoin WBTC,"$104,955",0.2%,0.8%,0.4%,,"$203,511,380"
16,Hedera HBAR,$0.3473,0.0%,4.5%,0.9%,,"$503,747,592"
17,Stellar XLM,$0.4242,0.6%,1.1%,10.7%,,"$272,192,654"
18,Toncoin TON,$5.07,0.0%,0.4%,2.1%,,"$112,797,415"
19,Sui SUI,$4.17,0.6%,0.0%,15.1%,,"$667,179,741"
20,Shiba Inu SHIB,$0.00002005,0.1%,0.6%,8.3%,,"$161,696,425"
21,WETH WETH,"$3,340.34",0.0%,1.4%,2.0%,,"$605,926,574"
22,Polkadot DOT,$6.37,0.3%,1.0%,6.2%,,"$137,002,259"
23,Litecoin LTC,$124.29,0.2%,2.4%,3.9%,,"$983,729,411"
24,LEO Token LEO,$9.79,0.1%,0.1%,2.3%,,"$247,516"
25,Bitget Token BGB,$7.54,1.5%,2.1%,12.4%,,"$521,324,063"
26,Bitcoin Cash BCH,$441.43,0.1%,0.8%,3.4%,,"$164,446,097"
27,Hyperliquid HYPE,$23.70,1.3%,8.5%,16.4%,,"$105,042,581"
28,Uniswap UNI,$12.21,0.0%,0.0%,12.0%,,"$232,890,608"
29,USDS USDS,$1,0.0%,0.0%,0.1%,,"$13,057,909"
30,Wrapped eETH WEETH,"$3,533.95",0.0%,1.5%,2.4%,,"$7,957,304"
31,Pepe PEPE,$0.00001502,0.0%,0.1%,15.3%,,"$518,440,387"
32,Official Trump TRUMP,$30.85,2.1%,10.2%,32.1%,,"$4,513,066,586"
33,NEAR Protocol NEAR,$5.13,0.9%,4.3%,2.8%,,"$173,470,317"
34,Ethena USDe USDE,$1.00,0.0%,0.0%,0.3%,,"$54,466,989"
35,Aave AAVE,$330.87,0.1%,0.4%,7.2%,,"$348,384,511"
36,Aptos APT,$8.33,0.5%,2.5%,10.5%,,"$135,285,228"
37,Ondo ONDO,$1.44,0.2%,0.3%,6.7%,,"$377,312,634"
38,MANTRA OM,$4.66,2.2%,34.2%,21.8%,,"$519,605,791"
39,Internet Computer ICP,$9.27,0.6%,2.4%,11.2%,,"$136,713,902"
40,Monero XMR,$223.37,0.6%,1.8%,3.6%,,"$44,194,304"
41,WhiteBIT Coin WBT,$28.42,0.0%,0.0%,4.6%,,"$8,589,914"
42,Ethereum Classic ETC,$27.03,0.1%,0.8%,3.2%,,"$101,474,807"
43,Mantle MNT,$1.20,0.2%,0.5%,13.8%,,"$75,992,601"
44,VeChain VET,$0.04833,0.5%,0.2%,4.9%,,"$73,382,475"
45,Cronos CRO,$0.1381,0.0%,0.2%,5.6%,,"$13,958,674"
46,POL (ex-MATIC) POL,$0.4402,0.1%,2.0%,6.3%,,"$95,722,960"
47,Render RENDER,$7.15,1.3%,4.7%,1.4%,,"$91,340,603"
48,Dai DAI,$1.00,0.0%,0.0%,0.1%,,"$161,356,901"
49,Algorand ALGO,$0.4117,0.6%,2.7%,4.9%,,"$135,736,472"
50,Bittensor TAO,$416.24,0.6%,13.0%,5.2%,,"$163,086,421"
51,Kaspa KAS,$0.1325,0.0%,1.7%,1.4%,,"$45,261,665"
52,OKB OKB,$55.13,0.2%,1.9%,3.0%,,"$9,651,439"
53,Gate GT,$25.64,0.1%,2.1%,27.6%,,"$35,243,937"
54,Artificial Superintelligence Alliance FET,$1.22,0.3%,1.1%,3.1%,,"$129,668,997"
55,Filecoin FIL,$5.04,0.3%,0.2%,5.6%,,"$135,948,354"
56,Arbitrum ARB,$0.7145,0.2%,2.7%,5.1%,,"$167,555,944"
57,Cosmos Hub ATOM,$6.20,0.5%,0.3%,3.5%,,"$133,401,564"
58,Ethena ENA,$0.8532,0.3%,1.6%,2.4%,,"$355,733,408"
59,Tokenize Xchange TKX,$31.60,0.1%,1.0%,8.0%,,"$20,440,111"
60,Virtuals Protocol VIRTUAL,$2.48,0.2%,3.8%,12.6%,,"$236,510,144"
61,Coinbase Wrapped BTC CBBTC,"$105,175",0.3%,0.8%,0.1%,,"$189,847,708"
62,Celestia TIA,$4.58,0.2%,1.4%,2.8%,,"$59,012,407"
63,Raydium RAY,$7.80,0.5%,3.2%,4.8%,,"$134,013,379"
64,Bonk BONK,$0.00002929,0.5%,0.9%,16.9%,,"$140,954,786"
65,Optimism OP,$1.65,0.0%,1.0%,9.8%,,"$137,679,451"
66,Immutable IMX,$1.24,0.4%,5.1%,2.7%,,"$36,488,952"
67,Stacks STX,$1.41,0.2%,2.6%,7.3%,,"$27,256,674"
68,Injective INJ,$21.14,1.2%,3.2%,7.3%,,"$89,351,135"
69,Binance-Peg WETH WETH,"$3,339.75",0.1%,1.3%,2.2%,,"$33,880,832"
70,Theta Network THETA,$2.01,0.3%,1.2%,8.3%,,"$15,105,871"
71,Binance Staked SOL BNSOL,$266.67,0.3%,4.2%,4.7%,,"$7,480,051"
72,Worldcoin WLD,$2.11,0.3%,0.3%,1.8%,,"$201,870,443"
73,Jupiter JUP,$0.9249,0.6%,8.9%,21.8%,,"$908,589,956"
74,Lido DAO LDO,$2.18,1.2%,10.4%,27.4%,,"$212,152,577"
75,Lombard Staked BTC LBTC,"$105,183",0.0%,0.7%,0.3%,,"$13,158,788"
76,Kelp DAO Restaked ETH RSETH,"$3,453.27",0.0%,1.4%,2.1%,,"$3,263,168"
77,First Digital USD FDUSD,$0.9995,0.0%,0.0%,0.1%,,"$3,122,982,476"
78,The Graph GRT,$0.1913,1.7%,4.7%,9.2%,,"$75,998,859"
79,Sonic (prev. FTM) S,$0.552,0.6%,2.3%,13.4%,,"$112,501,108"
80,XDC Network XDC,$0.1115,0.1%,1.1%,18.4%,,"$49,010,020"
81,Rocket Pool ETH RETH,"$3,738.06",0.0%,1.5%,2.2%,,"$12,555,581"
82,Fasttoken FTN,$3.90,0.1%,0.2%,2.2%,,"$53,464,607"
83,KuCoin KCS,$13.25,0.2%,0.9%,22.6%,,"$87,622.44"
84,Movement MOVE,$0.7063,0.8%,3.9%,7.7%,,"$113,186,934"
85,Mantle Staked Ether METH,"$3,521.46",0.0%,1.2%,2.3%,,"$16,916,637"
86,Sei SEI,$0.3528,0.3%,3.4%,7.3%,,"$92,584,638"
87,Quant QNT,$106.58,0.3%,2.0%,3.1%,,"$35,749,050"
88,Pudgy Penguins PENGU,$0.02459,1.1%,9.0%,10.9%,,"$190,860,230"
89,sUSDS SUSDS,$1.03,0.1%,0.1%,0.4%,,"$1,870,164"
90,Flare FLR,$0.02626,0.2%,0.9%,11.2%,,"$8,468,428"
91,NEXO NEXO,$1.45,0.3%,3.1%,7.3%,,"$9,409,661"
92,GALA GALA,$0.03292,0.3%,2.2%,10.7%,,"$72,251,261"
93,Marinade Staked SOL MSOL,$324.90,0.3%,3.9%,4.9%,,"$34,080,289"
94,Solv Protocol SolvBTC SOLVBTC,"$104,139",0.3%,0.2%,0.3%,,"$9,855,941"
95,The Sandbox SAND,$0.5641,0.4%,1.3%,6.4%,,"$81,740,823"
96,JasmyCoin JASMY,$0.02784,0.9%,1.6%,7.9%,,"$77,097,712"
97,FLOKI FLOKI,$0.0001383,0.0%,0.9%,15.3%,,"$133,145,558"
98,Onyxcoin XCN,$0.04088,0.0%,77.8%,300.9%,,"$1,049,934,211"
99,dogwifhat WIF,$1.28,0.2%,0.1%,26.2%,,"$198,205,736"
100,Fartcoin FARTCOIN,$1.26,1.4%,3.8%,33.2%,,"$225,273,602"
101,Usual USD USD0,$0.9988,0.1%,0.0%,0.1%,,"$13,707,065"
102,EOS EOS,$0.8134,0.4%,1.4%,8.1%,,"$119,735,703"
103,Kaia KAIA,$0.2082,0.0%,0.8%,8.6%,,"$11,322,851"
104,IOTA IOTA,$0.3349,0.7%,4.1%,7.9%,,"$21,172,721"
105,Tezos XTZ,$1.17,0.3%,1.4%,9.6%,,"$22,240,374"
107,DeXe DEXE,$20.23,0.1%,3.4%,19.3%,,"$26,149,456"
106,Pyth Network PYTH,$0.3185,0.1%,2.7%,8.2%,,"$40,749,235"
108,Ethereum Name Service ENS,$34.38,0.2%,1.2%,2.8%,,"$56,461,477"
109,SPX6900 SPX,$1.20,1.5%,0.5%,11.9%,,"$32,637,484"
110,Maker MKR,"$1,248.05",0.2%,0.4%,7.7%,,"$134,327,176"
111,Flow FLOW,$0.6941,0.5%,2.6%,4.7%,,"$21,321,702"
112,Solv Protocol SolvBTC.BBN SOLVBTC.BBN,"$103,143",0.5%,0.2%,0.7%,,"$6,061,711"
113,Curve DAO CRV,$0.8288,1.6%,2.1%,8.1%,,"$145,042,558"
114,BitTorrent BTT,$0.051078,0.2%,0.3%,3.9%,,"$27,863,620"
115,Bitcoin SV BSV,$52.35,0.2%,1.6%,4.0%,,"$20,525,904"
116,NEO NEO,$14.37,0.1%,3.3%,5.7%,,"$17,053,358"
117,Jupiter Staked SOL JUPSOL,$278.39,0.2%,3.9%,4.4%,,"$39,892,256"
118,Arweave AR,$14.77,0.6%,2.9%,9.2%,,"$22,598,312"
119,Renzo Restaked ETH EZETH,"$3,451.97",0.1%,1.4%,2.0%,,"$4,390,897"
120,Beam BEAM,$0.01749,0.1%,4.2%,23.1%,,"$48,111,523"
121,Axie Infinity AXS,$5.81,0.2%,2.0%,5.3%,,"$31,490,002"
122,Starknet STRK,$0.3771,0.1%,4.2%,8.7%,,"$53,515,826"
123,Binance-Peg Dogecoin DOGE,$0.3549,0.2%,1.6%,9.6%,,"$2,257,212"
124,THORChain RUNE,$2.57,0.3%,18.4%,29.7%,,"$690,113,968"
125,ai16z AI16Z,$0.8186,0.2%,1.4%,16.5%,,"$134,777,363"
126,Decentraland MANA,$0.4792,0.1%,0.7%,5.3%,,"$54,125,983"
127,AIOZ Network AIOZ,$0.7686,0.2%,1.3%,16.7%,,"$8,538,350"
128,ether.fi Staked ETH EETH,"$3,335.45",0.1%,1.6%,1.9%,,"$132,756"
130,Arbitrum Bridged WBTC (Arbitrum One) WBTC,"$104,862",0.2%,0.6%,0.3%,,"$68,605,917"
129,Brett BRETT,$0.0868,0.4%,0.4%,20.8%,,"$26,925,320"
131,MultiversX EGLD,$30.76,0.0%,2.5%,10.9%,,"$17,425,329"
132,Wrapped BNB WBNB,$689.25,0.0%,1.0%,2.2%,,"$112,938,711"
133,dYdX DYDX,$1.17,0.1%,2.5%,8.9%,,"$27,029,720"
134,Jito JTO,$2.89,0.9%,4.1%,11.0%,,"$57,363,286"
135,Polygon MATIC,$0.4402,0.2%,1.8%,6.0%,,"$4,558,227"
136,Core CORE,$0.8366,0.0%,1.7%,8.0%,,"$26,661,634"
137,Aerodrome Finance AERO,$1.01,0.0%,1.0%,16.0%,,"$34,980,725"
138,USDD USDD,$0.9977,0.0%,0.1%,0.3%,,"$2,624,883"
139,Mantle Restaked ETH CMETH,"$3,525.67",0.0%,1.5%,2.3%,,"$8,125,416"
140,Zcash ZEC,$46.86,0.2%,1.7%,5.8%,,"$95,636,825"
141,Conflux CFX,$0.1534,0.4%,1.5%,5.7%,,"$34,614,435"
143,L2 Standard Bridged WETH (Base) WETH,"$3,338.17",0.2%,1.4%,1.8%,,"$611,937,688"
142,ApeCoin APE,$0.9979,0.3%,0.6%,6.4%,,"$73,168,324"
144,Chiliz CHZ,$0.07599,0.3%,3.6%,6.6%,,"$38,023,827"
145,Arbitrum Bridged WETH (Arbitrum One) WETH,"$3,339.63",0.1%,1.3%,2.2%,,"$195,470,744"
146,Reserve Rights RSR,$0.01267,0.0%,2.2%,13.2%,,"$47,192,362"
147,Helium HNT,$3.90,0.2%,2.5%,24.5%,,"$9,441,430"
148,Ether.fi Staked BTC EBTC,"$105,052",0.0%,0.8%,0.1%,,"$1,069,122"
149,Akash Network AKT,$2.79,0.3%,2.2%,6.2%,,"$5,333,885"
150,Amp AMP,$0.008149,3.4%,9.4%,1.3%,,"$59,981,503"
151,Tether Gold XAUT,"$2,761.72",0.2%,0.1%,2.8%,,"$5,023,731"
152,Compound COMP,$76.20,0.0%,2.9%,6.9%,,"$42,009,164"
153,Morpho MORPHO,$3.11,0.1%,5.4%,16.3%,,"$52,712,222"
155,Eigenlayer EIGEN,$2.85,1.7%,2.3%,0.3%,,"$88,049,610"
154,eCash XEC,$0.00003367,0.1%,3.0%,3.7%,,"$31,087,509"
156,DeepBook DEEP,$0.2603,1.6%,2.2%,9.5%,,"$27,792,192"
157,Frax FRAX,$0.9973,0.0%,0.0%,0.2%,,"$6,148,244"
158,Wormhole W,$0.228,0.3%,1.8%,7.5%,,"$33,784,078"
159,MEOW MEOW,$0.007069,0.2%,13.8%,40.8%,,"$1,054,009"
160,usdx.money USDX USDX,$0.9997,0.0%,0.6%,0.1%,,"$1,776,411"
161,Pendle PENDLE,$3.76,0.0%,3.6%,3.3%,,"$48,903,289"
162,Ronin RON,$1.62,0.2%,0.4%,6.8%,,"$17,757,116"
163,PancakeSwap CAKE,$2.12,0.2%,1.2%,8.7%,,"$37,281,526"
164,pumpBTC PUMPBTC,"$102,221",0.0%,0.9%,9.0%,,"$24,686.68"
166,Ultima ULTIMA,"$14,116.14",0.1%,1.2%,47.3%,,"$5,270,871"
165,Gigachad GIGA,$0.06313,1.7%,2.8%,10.7%,,"$23,538,130"
167,Mina Protocol MINA,$0.4972,0.3%,2.4%,11.0%,,"$19,854,236"
168,Gnosis GNO,$230.73,0.7%,2.6%,1.9%,,"$7,685,974"
169,Axelar AXL,$0.6468,0.1%,1.0%,3.7%,,"$12,200,887"
170,Resolv USR USR,$1.00,0.1%,0.0%,0.1%,,"$12,959,192"
171,ZKsync ZK,$0.1535,0.0%,2.3%,10.1%,,"$43,767,372"
172,PAX Gold PAXG,"$2,765.59",0.0%,0.0%,2.9%,,"$10,170,777"
173,Mog Coin MOG,$0.051426,0.7%,1.3%,16.5%,,"$20,969,434"
175,Synthetix Network SNX,$1.62,0.4%,2.9%,8.9%,,"$38,282,707"
174,Toshi TOSHI,$0.001298,2.5%,92.2%,235.6%,,"$791,310,544"
176,aixbt by Virtuals AIXBT,$0.6346,0.8%,1.2%,10.5%,,"$134,093,122"
177,Avalanche Bridged BTC (Avalanche) BTC.B,"$105,165",0.1%,0.9%,0.3%,,"$23,857,968"
178,Coinbase Wrapped Staked ETH CBETH,"$3,627.31",0.2%,1.3%,1.9%,,"$11,826,664"
179,Beldex BDX,$0.07726,0.0%,1.8%,2.6%,,"$4,787,111"
180,Echelon Prime PRIME,$10.06,0.0%,0.1%,27.3%,,"$10,905,409"
181,Telcoin TEL,$0.006755,0.8%,1.9%,9.4%,,"$2,341,858"
182,dYdX ETHDYDX,$1.17,0.6%,2.3%,8.5%,,"$47,298,382"
183,INSURANCE INSURANCE,$27.89,0.0%,1.5%,11.6%,,"$43,810.34"
184,StakeStone Berachain Vault Token BERASTONE,"$3,334.74",0.1%,1.4%,1.9%,,"$5,804,831"
185,Notcoin NOT,$0.005044,0.1%,3.7%,12.5%,,"$29,815,055"
186,CHEX Token CHEX,$0.5079,0.5%,0.3%,1.2%,,"$2,285,112"
187,Grass GRASS,$2.07,0.4%,11.1%,18.3%,,"$38,065,571"
189,Snek SNEK,$0.006735,0.7%,0.7%,12.1%,,"$2,984,273"
188,APENFT NFT,$0.06506,0.5%,1.1%,2.1%,,"$26,785,245"
190,Kava KAVA,$0.4592,0.1%,3.4%,3.5%,,"$15,094,706"
191,TrueUSD TUSD,$0.9984,0.0%,0.1%,0.0%,,"$22,923,335"
192,PayPal USD PYUSD,$1.00,0.0%,0.0%,0.1%,,"$13,787,698"
193,VeThor VTHO,$0.005638,1.7%,4.1%,121.7%,,"$140,017,215"
194,Frax Ether FRXETH,"$3,331.88",0.0%,1.1%,2.0%,,"$1,905,445"
195,Polygon PoS Bridged WETH (Polygon POS) WETH,"$3,339.84",0.1%,1.4%,2.0%,,"$16,850,879"
196,tBTC TBTC,"$104,970",0.0%,1.0%,0.5%,,"$7,654,581"
198,Newton Project NEW,$0.01094,0.1%,75.6%,1117.7%,,"$17,143,612"
197,SuperVerse SUPER,$1.02,0.1%,2.7%,14.9%,,"$20,931,378"
199,Livepeer LPT,$12.11,0.0%,2.0%,9.0%,,"$27,062,251"
200,Terra Luna Classic LUNC,$0.00008255,0.2%,3.3%,12.2%,,"$16,029,987"
201,1inch 1INCH,$0.3212,0.0%,4.3%,11.4%,,"$24,251,519"
202,Trust Wallet TWT,$1.07,0.1%,3.4%,7.8%,,"$21,846,617"
203,Stader ETHx ETHX,"$3,504.65",0.5%,1.4%,2.3%,,"$226,920"
204,Kusama KSM,$27.75,0.2%,2.6%,8.8%,,"$9,611,844"
205,Safe SAFE,$0.8414,0.3%,5.2%,5.4%,,"$12,686,440"
206,Oasis ROSE,$0.06549,0.3%,4.4%,13.1%,,"$24,955,298"
207,Blur BLUR,$0.2034,0.0%,5.5%,4.2%,,"$21,239,213"
208,Theta Fuel TFUEL,$0.06448,0.3%,4.0%,1.1%,,"$4,761,470"
209,LayerZero ZRO,$3.93,0.4%,3.1%,11.9%,,"$36,802,221"
210,Swell Ethereum SWETH,"$3,600.62",0.1%,1.4%,1.9%,,"$985,669"
211,Arkham ARKM,$1.23,0.3%,1.7%,7.3%,,"$50,563,043"
212,cat in a dogs world MEW,$0.004875,0.0%,1.3%,22.7%,,"$18,426,035"
213,io.net IO,$3.20,0.4%,3.5%,0.1%,,"$105,352,501"
214,Dash DASH,$35.53,0.3%,0.9%,6.8%,,"$33,821,658"
215,QuantixAI QAI,$88.76,0.1%,0.6%,0.1%,,"$1,740,310"
216,ORDI ORDI,$20.45,0.1%,4.1%,14.8%,,"$64,680,563"
217,Solayer Staked SOL SSOL,$271.83,0.1%,3.7%,0.4%,,"$5,368,605"
218,Nervos Network CKB,$0.009392,0.0%,2.6%,7.7%,,"$16,137,593"
219,Creditcoin CTC,$1.02,0.1%,0.4%,5.2%,,"$7,355,237"
220,Popcat POPCAT,$0.4324,0.4%,0.4%,26.8%,,"$46,759,757"
221,Bridged USDC (Polygon PoS Bridge) USDC.E,$1.00,0.0%,0.1%,0.1%,,"$14,659,060"
222,Super OETH SUPEROETHB,"$3,339.51",0.1%,1.3%,2.1%,,"$369,070"
223,GRIFFAIN GRIFFAIN,$0.4142,0.2%,5.9%,11.1%,,"$45,719,366"
224,Turbo TURBO,$0.005888,0.1%,0.1%,21.0%,,"$48,283,218"
225,Astar ASTR,$0.054,0.3%,2.3%,5.7%,,"$10,805,468"
226,Hashnote USYC USYC,$1.07,0.1%,0.1%,0.1%,,"$39,765.05"
227,USDB USDB,$0.996,0.0%,0.9%,0.3%,,"$5,497,109"
228,Holo HOT,$0.002241,0.5%,2.1%,7.5%,,"$12,320,863"
229,Melania Meme MELANIA,$2.64,0.7%,13.2%,-,,"$206,916,039"
230,Bio Protocol BIO,$0.2435,0.2%,4.4%,20.8%,,"$50,112,309"
231,0x Protocol ZRX,$0.4634,1.0%,7.2%,5.5%,,"$43,095,989"
232,Dog (Bitcoin) DOG,$0.003905,0.1%,1.2%,22.3%,,"$10,591,219"
233,Vine VINE,$0.3902,0.1%,35.6%,-,,"$943,678,588"
234,Zilliqa ZIL,$0.02004,0.0%,3.3%,5.6%,,"$14,758,286"
235,OriginTrail TRAC,$0.7789,0.9%,8.5%,14.1%,,"$2,914,050"
236,Ether.fi ETHFI,$1.75,0.5%,4.1%,6.2%,,"$51,726,628"
237,AgentFun.AI AGENTFUN,$3.82,0.2%,0.3%,1.6%,,"$39,727.58"
238,JUST JST,$0.03851,0.0%,0.6%,0.1%,,"$39,923,173"
239,Freysa AI FAI,$0.04614,0.9%,0.5%,15.8%,,"$3,259,320"
240,Ondo US Dollar Yield USDY,$1.06,0.1%,0.6%,0.1%,,"$2,677,785"
241,Baby Doge Coin BABYDOGE,$0.082255,0.1%,3.8%,13.6%,,"$18,738,467"
242,Verus VRSC,$4.75,0.1%,0.6%,6.0%,,"$3,695.04"
243,Olympus OHM,$22.52,0.1%,0.3%,0.4%,,"$505,420"
244,Liquid Staked ETH LSETH,"$3,557.50",0.1%,1.3%,1.9%,,"$16,171.21"
245,MimbleWimbleCoin MWC,$33.54,0.1%,7.7%,28.0%,,"$1,899.26"
246,Binance-Peg BUSD BUSD,$0.9999,0.0%,0.1%,0.0%,,"$3,618,174"
247,cWBTC CWBTC,"$2,110.70",0.1%,0.6%,0.0%,,$0.00
248,MX MX,$3.85,0.1%,1.0%,4.6%,,"$48,612,141"
249,Basic Attention BAT,$0.2393,0.4%,6.4%,1.1%,,"$43,020,464"
250,Aethir ATH,$0.05729,0.2%,1.0%,5.4%,,"$19,042,031"
251,Polygon Bridged WBTC (Polygon POS) WBTC,"$104,990",0.0%,0.6%,0.2%,,"$3,875,545"
252,Staked Frax Ether SFRXETH,"$3,700.71",0.0%,1.4%,2.1%,,"$109,101"
253,Golem GLM,$0.348,0.3%,2.6%,5.6%,,"$14,978,184"
254,SafePal SFP,$0.695,0.0%,2.6%,0.3%,,"$8,129,885"
255,Akuma Inu AKUMA,$0.0005064,0.0%,4.1%,12.9%,,"$8,939,160"
256,BENQI Liquid Staked AVAX SAVAX,$44.78,0.4%,6.5%,2.0%,,"$3,834,201"
257,AI Rig Complex ARC,$0.3346,1.6%,5.7%,29.8%,,"$62,854,856"
258,SwissBorg BORG,$0.338,1.5%,0.6%,5.5%,,"$613,100"
259,Celo CELO,$0.5848,0.6%,4.0%,6.8%,,"$29,090,274"
260,WOO WOO,$0.1746,0.3%,1.6%,11.3%,,"$16,212,066"
261,IoTeX IOTX,$0.03396,0.3%,3.7%,9.0%,,"$8,615,615"
262,Gas GAS,$4.90,0.1%,4.0%,0.8%,,"$4,980,369"
263,Horizen ZEN,$20.12,0.0%,2.2%,17.0%,,"$16,745,067"
264,Qtum QTUM,$2.99,0.0%,2.9%,5.7%,,"$12,503,919"
265,WEMIX WEMIX,$0.7556,0.2%,1.0%,8.1%,,"$1,836,752"
266,Animecoin ANIME,$0.0561,0.8%,2.6%,-,,"$216,280,431"
267,Peanut the Squirrel PNUT,$0.31,0.2%,2.0%,37.9%,,"$92,281,002"
268,Ankr Network ANKR,$0.0308,0.5%,2.5%,9.2%,,"$14,053,592"
269,Siacoin SC,$0.005529,0.9%,4.1%,2.0%,,"$22,957,286"
270,Vana VANA,$9.94,0.4%,0.5%,6.5%,,"$10,591,819"
271,Bridged Ether (StarkGate) ETH,"$3,338.15",0.3%,1.5%,2.2%,,"$2,160,473"
272,Bybit Staked SOL BBSOL,$273.10,0.1%,3.8%,5.0%,,"$3,764,741"
273,ZetaChain ZETA,$0.4762,0.1%,6.0%,9.8%,,"$14,740,364"
274,Memecoin MEME,$0.008167,0.3%,2.0%,17.8%,,"$38,038,338"
275,Enjin Coin ENJ,$0.1661,0.0%,1.6%,12.4%,,"$16,178,674"
276,Moca Network MOCA,$0.181,0.6%,5.9%,9.0%,,"$24,323,680"
277,Polymesh POLYX,$0.261,0.4%,7.0%,1.5%,,"$8,887,209"
278,Osmosis OSMO,$0.4168,0.2%,0.1%,6.2%,,"$6,378,496"
279,UXLINK UXLINK,$0.8671,0.6%,3.1%,8.0%,,"$113,689,041"
280,SATS (Ordinals) SATS,$0.061387,1.0%,8.9%,9.8%,,"$27,318,289"
281,Convex Finance CVX,$3.55,0.5%,1.6%,13.1%,,"$15,513,745"
282,would WOULD,$0.2907,0.1%,2.8%,10.2%,,"$959,782"
283,EthereumPoW ETHW,$2.64,0.0%,1.4%,11.1%,,"$4,764,752"
284,aelf ELF,$0.3813,0.1%,0.6%,9.3%,,"$12,926,859"
285,Plume PLUME,$0.1402,2.1%,23.5%,-,,"$186,745,780"
286,Constellation DAG,$0.07838,0.5%,0.7%,20.3%,,"$2,108,578"
287,Ravencoin RVN,$0.01883,0.1%,2.5%,5.5%,,"$5,463,338"
288,GMT GMT,$0.1046,0.1%,2.5%,12.9%,,"$56,342,177"
289,Drift Protocol DRIFT,$0.9779,0.0%,1.6%,18.1%,,"$27,409,354"
290,Threshold Network T,$0.02663,0.1%,5.4%,3.9%,,"$13,990,943"
291,BOOK OF MEME BOME,$0.003881,0.0%,3.2%,31.3%,,"$61,771,339"
292,Qubic QUBIC,$0.052363,0.0%,2.0%,1.7%,,"$3,472,381"
293,Mantle Bridged USDT (Mantle) USDT,$0.9993,0.1%,0.5%,0.5%,,"$4,337,043"
294,Metars Genesis MRS,$3.16,0.1%,0.6%,0.1%,,"$61,166.57"
295,Chia XCH,$19.08,0.0%,0.2%,10.7%,,"$9,330,992"
296,Harmony ONE,$0.02148,0.2%,2.1%,11.8%,,"$8,695,828"
297,Elixir deUSD DEUSD,$1.00,0.0%,0.0%,0.2%,,"$2,160,060"
298,Magic Eden ME,$2.01,0.2%,2.0%,15.5%,,"$17,469,494"
299,Aevo AEVO,$0.2861,0.2%,2.5%,11.0%,,"$51,054,186"
300,Kadena KDA,$0.8506,0.9%,4.5%,8.0%,,"$10,498,404"
101,Usual USD USD0,$0.9984,0.0%,0.0%,0.2%,,"$13,701,658"
102,EOS EOS,$0.813,0.4%,1.4%,8.1%,,"$119,665,480"
103,Kaia KAIA,$0.2082,0.0%,0.8%,8.6%,,"$11,314,421"
104,IOTA IOTA,$0.3348,0.8%,4.0%,8.0%,,"$21,167,701"
105,Tezos XTZ,$1.17,0.4%,1.4%,9.7%,,"$22,244,980"
106,Pyth Network PYTH,$0.3184,0.2%,2.6%,8.2%,,"$40,741,298"
107,DeXe DEXE,$20.14,0.2%,3.3%,19.2%,,"$26,046,933"
108,Ethereum Name Service ENS,$34.36,0.1%,1.2%,2.8%,,"$56,431,549"
109,SPX6900 SPX,$1.20,1.6%,0.6%,12.0%,,"$32,550,461"
110,Maker MKR,"$1,247.64",0.2%,0.4%,7.7%,,"$134,036,095"
111,Flow FLOW,$0.6939,0.4%,2.5%,4.7%,,"$21,309,109"
112,Solv Protocol SolvBTC.BBN SOLVBTC.BBN,"$103,103",0.0%,0.2%,1.1%,,"$6,059,320"
113,Curve DAO CRV,$0.8279,1.6%,2.1%,8.2%,,"$145,098,104"
114,BitTorrent BTT,$0.051077,0.0%,0.2%,4.1%,,"$27,854,574"
115,Bitcoin SV BSV,$52.33,0.1%,1.5%,4.0%,,"$20,520,214"
116,NEO NEO,$14.37,0.1%,3.4%,5.7%,,"$16,803,810"
117,Jupiter Staked SOL JUPSOL,$278.28,0.2%,3.9%,4.5%,,"$39,876,519"
118,Arweave AR,$14.76,0.6%,2.9%,9.3%,,"$22,479,768"
119,Renzo Restaked ETH EZETH,"$3,450.88",0.1%,1.3%,2.0%,,"$4,389,515"
120,Beam BEAM,$0.01749,0.1%,4.2%,23.1%,,"$48,039,908"
121,Axie Infinity AXS,$5.81,0.2%,1.9%,5.3%,,"$31,478,623"
122,Starknet STRK,$0.377,0.1%,4.2%,8.7%,,"$53,355,283"
123,Binance-Peg Dogecoin DOGE,$0.3547,0.2%,1.6%,9.6%,,"$2,263,956"
124,THORChain RUNE,$2.56,0.3%,18.9%,29.8%,,"$665,012,239"
125,ai16z AI16Z,$0.8182,0.3%,1.4%,16.5%,,"$134,745,097"
126,Decentraland MANA,$0.4792,0.0%,0.7%,5.4%,,"$54,092,520"
127,AIOZ Network AIOZ,$0.7683,0.3%,1.3%,16.8%,,"$8,511,361"
128,ether.fi Staked ETH EETH,"$3,334.13",0.0%,1.6%,1.9%,,"$132,703"
130,Brett BRETT,$0.08676,0.3%,0.4%,20.8%,,"$26,897,504"
129,Arbitrum Bridged WBTC (Arbitrum One) WBTC,"$104,820",0.1%,0.5%,0.3%,,"$68,582,188"
131,MultiversX EGLD,$30.75,0.1%,2.3%,11.0%,,"$17,417,514"
132,Wrapped BNB WBNB,$689.07,0.0%,0.9%,2.2%,,"$68,967,617"
133,dYdX DYDX,$1.17,0.0%,2.5%,8.9%,,"$27,566,185"
134,Jito JTO,$2.89,1.0%,4.0%,11.1%,,"$57,370,685"
135,Polygon MATIC,$0.4401,0.1%,1.6%,6.0%,,"$4,557,987"
136,Core CORE,$0.8364,0.0%,1.7%,8.1%,,"$26,674,722"
137,Aerodrome Finance AERO,$1.01,0.0%,1.1%,16.1%,,"$34,935,390"
138,USDD USDD,$0.9978,0.2%,0.2%,0.2%,,"$2,625,798"
139,Mantle Restaked ETH CMETH,"$3,525.15",0.0%,1.3%,2.3%,,"$8,124,208"
140,Zcash ZEC,$46.90,0.1%,1.7%,5.9%,,"$95,599,949"
141,Conflux CFX,$0.1534,0.4%,1.4%,5.7%,,"$34,585,988"
143,ApeCoin APE,$0.9966,0.4%,1.0%,6.5%,,"$73,311,059"
142,L2 Standard Bridged WETH (Base) WETH,"$3,336.01",0.2%,1.4%,1.8%,,"$614,142,583"
144,Chiliz CHZ,$0.07594,0.2%,3.4%,6.6%,,"$38,015,761"
145,Arbitrum Bridged WETH (Arbitrum One) WETH,"$3,338.29",0.1%,1.3%,2.2%,,"$197,162,494"
146,Reserve Rights RSR,$0.01265,0.1%,2.0%,13.2%,,"$46,994,171"
147,Helium HNT,$3.90,0.2%,2.6%,24.5%,,"$9,446,287"
148,Ether.fi Staked BTC EBTC,"$105,010",0.1%,0.6%,0.1%,,"$1,068,700"
149,Akash Network AKT,$2.79,0.2%,2.1%,6.3%,,"$5,338,540"
150,Amp AMP,$0.008148,3.1%,9.4%,1.0%,,"$59,978,157"
151,Tether Gold XAUT,"$2,760.56",0.2%,0.1%,2.8%,,"$4,953,073"
152,Compound COMP,$76.13,0.0%,2.8%,6.9%,,"$41,952,693"
153,Morpho MORPHO,$3.11,0.0%,5.4%,16.3%,,"$51,254,124"
154,Eigenlayer EIGEN,$2.85,1.6%,1.6%,0.4%,,"$88,061,195"
155,eCash XEC,$0.00003366,0.3%,2.7%,3.9%,,"$30,889,823"
156,DeepBook DEEP,$0.2602,2.0%,2.3%,9.8%,,"$27,780,040"
157,Frax FRAX,$0.9969,0.0%,0.0%,0.2%,,"$6,104,406"
158,Wormhole W,$0.2281,0.3%,1.6%,7.5%,,"$33,775,394"
159,MEOW MEOW,$0.007067,0.3%,13.7%,40.7%,,"$1,054,275"
160,usdx.money USDX USDX,$0.9993,0.0%,0.5%,0.1%,,"$1,775,710"
161,Pendle PENDLE,$3.76,0.1%,3.4%,3.4%,,"$48,903,696"
162,Ronin RON,$1.62,0.2%,0.2%,6.9%,,"$17,744,537"
163,PancakeSwap CAKE,$2.12,0.2%,1.0%,8.8%,,"$37,219,590"
164,pumpBTC PUMPBTC,"$102,184",0.0%,0.8%,9.0%,,"$24,677.78"
165,Ultima ULTIMA,"$14,121.85",0.1%,1.3%,47.3%,,"$5,293,708"
166,Gigachad GIGA,$0.06315,1.7%,2.4%,10.7%,,"$23,541,312"
167,Mina Protocol MINA,$0.4968,0.2%,2.3%,11.1%,,"$19,809,951"
168,Gnosis GNO,$230.56,0.6%,2.5%,2.0%,,"$7,682,344"
169,Axelar AXL,$0.6469,0.1%,0.9%,3.6%,,"$12,196,905"
170,Resolv USR USR,$1.00,0.1%,0.0%,0.1%,,"$12,955,927"
171,ZKsync ZK,$0.1535,0.1%,2.2%,10.2%,,"$43,772,981"
172,PAX Gold PAXG,"$2,765.57",0.0%,0.1%,2.9%,,"$10,309,098"
173,Mog Coin MOG,$0.051428,0.4%,1.2%,16.4%,,"$20,969,848"
174,Synthetix Network SNX,$1.62,0.3%,2.7%,9.0%,,"$38,278,634"
175,Toshi TOSHI,$0.001311,2.6%,94.2%,235.6%,,"$792,914,827"
176,aixbt by Virtuals AIXBT,$0.6338,1.0%,1.6%,10.6%,,"$133,969,643"
177,Avalanche Bridged BTC (Avalanche) BTC.B,"$105,120",0.2%,0.9%,0.3%,,"$23,848,557"
178,Coinbase Wrapped Staked ETH CBETH,"$3,626.16",0.1%,1.3%,1.9%,,"$11,827,821"
179,Beldex BDX,$0.07724,0.0%,1.8%,2.6%,,"$4,786,252"
180,Echelon Prime PRIME,$10.06,0.1%,0.1%,27.4%,,"$10,898,865"
181,Telcoin TEL,$0.006751,0.8%,1.9%,9.4%,,"$2,341,989"
182,dYdX ETHDYDX,$1.17,0.4%,2.3%,8.6%,,"$47,263,838"
183,INSURANCE INSURANCE,$27.90,0.0%,1.5%,11.7%,,"$43,818.76"
184,StakeStone Berachain Vault Token BERASTONE,"$3,333.43",0.1%,1.4%,1.9%,,"$5,802,541"
185,Notcoin NOT,$0.005043,0.1%,3.7%,12.5%,,"$29,796,431"
186,CHEX Token CHEX,$0.5067,0.7%,0.6%,1.4%,,"$2,271,049"
187,Grass GRASS,$2.07,0.4%,11.0%,18.3%,,"$38,055,178"
188,Snek SNEK,$0.006734,0.6%,0.6%,12.1%,,"$2,983,151"
189,APENFT NFT,$0.065057,0.5%,1.2%,2.0%,,"$26,782,908"
190,Kava KAVA,$0.4586,0.0%,3.3%,3.6%,,"$15,018,955"
191,TrueUSD TUSD,$0.9983,0.0%,0.1%,0.0%,,"$22,912,975"
192,PayPal USD PYUSD,$0.9998,0.0%,0.1%,0.1%,,"$13,796,870"
193,VeThor VTHO,$0.005642,1.7%,4.3%,121.6%,,"$139,993,922"
194,Frax Ether FRXETH,"$3,330.56",0.0%,1.1%,2.0%,,"$1,904,693"
195,Polygon PoS Bridged WETH (Polygon POS) WETH,"$3,338.42",0.2%,1.3%,2.0%,,"$16,857,662"
196,tBTC TBTC,"$104,931",0.0%,0.6%,0.4%,,"$7,633,201"
197,Newton Project NEW,$0.01088,1.2%,74.6%,1104.0%,,"$17,157,233"
198,SuperVerse SUPER,$1.02,0.1%,2.3%,15.0%,,"$20,918,967"
199,Livepeer LPT,$12.10,0.1%,1.9%,9.1%,,"$27,049,522"
200,Terra Luna Classic LUNC,$0.00008251,0.2%,3.2%,12.2%,,"$16,023,455"
201,1inch 1INCH,$0.321,0.0%,4.2%,11.4%,,"$24,241,262"
202,Trust Wallet TWT,$1.07,0.1%,3.4%,7.7%,,"$21,837,335"
203,Stader ETHx ETHX,"$3,503.16",0.5%,1.4%,2.3%,,"$226,823"
204,Kusama KSM,$27.74,0.2%,2.6%,8.8%,,"$9,598,666"
205,Safe SAFE,$0.8409,0.5%,5.2%,5.4%,,"$12,684,655"
206,Oasis ROSE,$0.06546,0.3%,4.2%,13.1%,,"$24,943,770"
207,Blur BLUR,$0.2033,0.0%,5.4%,4.2%,,"$21,230,582"
208,Theta Fuel TFUEL,$0.06445,0.3%,4.0%,1.1%,,"$4,759,046"
210,Swell Ethereum SWETH,"$3,599.09",0.1%,1.2%,1.9%,,"$985,249"
209,LayerZero ZRO,$3.92,0.3%,2.9%,12.0%,,"$36,771,079"
211,Arkham ARKM,$1.23,0.2%,1.5%,7.3%,,"$50,215,375"
212,cat in a dogs world MEW,$0.004872,0.0%,1.3%,22.7%,,"$18,429,635"
213,io.net IO,$3.20,0.5%,3.1%,0.1%,,"$105,104,275"
214,Dash DASH,$35.51,0.4%,1.0%,6.8%,,"$33,704,293"
215,QuantixAI QAI,$88.74,0.0%,0.7%,0.2%,,"$1,739,065"
216,ORDI ORDI,$20.45,0.1%,4.2%,14.8%,,"$64,635,691"
217,Solayer Staked SOL SSOL,$271.71,0.1%,3.7%,0.4%,,"$5,366,318"
218,Nervos Network CKB,$0.009388,0.0%,2.4%,7.7%,,"$16,131,421"
219,Creditcoin CTC,$1.02,0.1%,0.4%,5.1%,,"$7,354,109"
220,Popcat POPCAT,$0.4315,0.9%,0.2%,26.9%,,"$46,336,518"
221,Bridged USDC (Polygon PoS Bridge) USDC.E,$0.9999,0.0%,0.0%,0.1%,,"$15,684,225"
222,Super OETH SUPEROETHB,"$3,338.07",0.1%,1.3%,2.1%,,"$368,911"
223,GRIFFAIN GRIFFAIN,$0.4136,0.6%,6.2%,11.2%,,"$45,702,365"
224,Turbo TURBO,$0.005886,0.1%,0.1%,21.0%,,"$48,142,937"
225,Astar ASTR,$0.05399,0.3%,2.3%,5.7%,,"$10,772,842"
226,Hashnote USYC USYC,$1.08,0.0%,0.0%,0.2%,,"$39,798.67"
227,USDB USDB,$0.9956,0.0%,0.9%,0.3%,,"$5,493,872"
228,Holo HOT,$0.002241,0.6%,2.0%,7.5%,,"$12,306,736"
229,Melania Meme MELANIA,$2.64,1.0%,12.8%,-,,"$203,756,157"
230,Bio Protocol BIO,$0.243,0.4%,4.5%,21.0%,,"$49,999,988"
231,0x Protocol ZRX,$0.463,0.9%,7.1%,5.6%,,"$43,083,391"
232,Dog (Bitcoin) DOG,$0.003901,0.1%,0.8%,22.3%,,"$10,571,491"
233,Vine VINE,$0.389,0.2%,33.0%,-,,"$943,188,247"
234,Zilliqa ZIL,$0.02002,0.1%,3.2%,5.7%,,"$14,766,775"
235,OriginTrail TRAC,$0.7784,0.8%,8.5%,14.1%,,"$2,913,281"
236,Ether.fi ETHFI,$1.75,0.5%,4.0%,6.2%,,"$52,458,304"
237,AgentFun.AI AGENTFUN,$3.82,0.4%,0.3%,1.6%,,"$39,710.62"
238,JUST JST,$0.03848,0.1%,0.6%,0.1%,,"$39,912,530"
239,Freysa AI FAI,$0.04612,1.0%,0.5%,15.8%,,"$3,257,947"
240,Ondo US Dollar Yield USDY,$1.06,0.1%,0.6%,0.1%,,"$2,676,642"
241,Baby Doge Coin BABYDOGE,$0.082254,0.1%,3.6%,13.6%,,"$18,732,696"
242,Verus VRSC,$4.75,0.1%,0.6%,6.0%,,"$3,693.46"
243,Olympus OHM,$22.51,0.1%,0.5%,0.4%,,"$505,204"
244,Liquid Staked ETH LSETH,"$3,555.98",0.1%,1.3%,1.9%,,"$16,164.30"
245,MimbleWimbleCoin MWC,$33.53,0.1%,7.7%,28.0%,,"$1,898.45"
246,Binance-Peg BUSD BUSD,$0.9997,0.1%,0.1%,0.0%,,"$3,617,310"
247,cWBTC CWBTC,"$2,109.80",0.1%,0.6%,0.0%,,$0.00
248,MX MX,$3.84,0.1%,1.0%,4.6%,,"$48,591,578"
249,Basic Attention BAT,$0.2391,0.5%,6.3%,1.1%,,"$42,907,022"
250,Aethir ATH,$0.05725,0.3%,0.9%,5.5%,,"$19,040,915"
251,Polygon Bridged WBTC (Polygon POS) WBTC,"$104,946",0.0%,0.6%,0.2%,,"$3,873,779"
252,Staked Frax Ether SFRXETH,"$3,699.24",0.0%,1.3%,2.1%,,"$109,052"
253,Golem GLM,$0.3479,0.4%,2.5%,5.6%,,"$14,941,017"
254,SafePal SFP,$0.6946,0.1%,2.4%,0.3%,,"$8,113,762"
255,Akuma Inu AKUMA,$0.0005066,0.2%,4.0%,12.9%,,"$8,901,682"
256,BENQI Liquid Staked AVAX SAVAX,$44.76,0.4%,6.5%,2.0%,,"$3,832,565"
257,AI Rig Complex ARC,$0.3347,1.4%,5.6%,29.8%,,"$62,919,260"
258,SwissBorg BORG,$0.3379,0.1%,0.6%,5.5%,,"$612,838"
259,Celo CELO,$0.5845,0.6%,4.0%,6.8%,,"$29,026,629"
260,WOO WOO,$0.1744,0.2%,1.4%,11.3%,,"$16,205,441"
261,IoTeX IOTX,$0.03394,0.4%,3.7%,9.0%,,"$9,077,430"
262,Gas GAS,$4.91,0.1%,4.0%,0.7%,,"$4,957,441"
263,Horizen ZEN,$20.10,0.0%,2.4%,17.1%,,"$16,727,476"
264,Qtum QTUM,$2.99,0.0%,2.9%,5.7%,,"$12,489,021"
265,WEMIX WEMIX,$0.7547,0.4%,1.1%,8.2%,,"$1,840,129"
266,Animecoin ANIME,$0.05613,0.6%,2.5%,-,,"$216,926,412"
267,Peanut the Squirrel PNUT,$0.3094,0.0%,2.6%,38.0%,,"$92,112,959"
268,Ankr Network ANKR,$0.0308,0.5%,2.5%,9.2%,,"$14,051,613"
269,Siacoin SC,$0.005527,0.7%,4.1%,2.0%,,"$22,942,527"
270,Vana VANA,$9.94,0.3%,0.5%,6.5%,,"$10,594,462"
271,Bridged Ether (StarkGate) ETH,"$3,336.72",0.3%,1.3%,2.2%,,"$2,159,551"
272,Bybit Staked SOL BBSOL,$273.07,0.1%,3.9%,4.9%,,"$3,762,909"
273,ZetaChain ZETA,$0.476,0.1%,6.0%,9.8%,,"$14,685,698"
274,Memecoin MEME,$0.008165,0.3%,2.0%,17.8%,,"$37,684,361"
275,Enjin Coin ENJ,$0.1661,0.1%,1.6%,12.4%,,"$16,173,679"
276,Moca Network MOCA,$0.1813,0.4%,6.1%,8.9%,,"$24,299,349"
278,Osmosis OSMO,$0.4167,0.1%,0.0%,6.2%,,"$6,377,585"
277,Polymesh POLYX,$0.2609,0.4%,7.0%,1.5%,,"$8,881,130"
279,UXLINK UXLINK,$0.8666,0.5%,3.2%,8.0%,,"$113,966,428"
280,SATS (Ordinals) SATS,$0.061387,1.0%,8.9%,9.8%,,"$27,304,499"
281,Convex Finance CVX,$3.54,0.5%,1.6%,13.1%,,"$15,504,911"
282,would WOULD,$0.2906,0.2%,2.8%,10.2%,,"$959,374"
283,EthereumPoW ETHW,$2.64,0.1%,1.3%,11.2%,,"$4,714,122"
284,aelf ELF,$0.3814,0.1%,0.6%,9.3%,,"$12,920,599"
285,Plume PLUME,$0.1402,2.1%,24.4%,-,,"$186,720,096"
286,Constellation DAG,$0.07834,0.4%,2.0%,20.2%,,"$2,107,754"
287,Ravencoin RVN,$0.01881,0.1%,2.4%,5.6%,,"$5,466,651"
288,GMT GMT,$0.1045,0.2%,2.4%,12.9%,,"$56,435,025"
289,Drift Protocol DRIFT,$0.9781,0.0%,1.6%,18.0%,,"$27,398,291"
290,Threshold Network T,$0.02661,0.1%,5.3%,3.9%,,"$14,036,364"
291,BOOK OF MEME BOME,$0.003877,0.1%,3.0%,31.3%,,"$61,807,641"
292,Qubic QUBIC,$0.052365,0.1%,1.7%,1.6%,,"$3,469,668"
293,Mantle Bridged USDT (Mantle) USDT,$0.9993,0.1%,0.7%,0.4%,,"$4,313,008"
294,Metars Genesis MRS,$3.15,0.1%,0.6%,0.1%,,"$61,140.08"
295,Chia XCH,$19.08,0.0%,0.1%,10.7%,,"$9,328,062"
296,Harmony ONE,$0.02148,0.3%,2.2%,11.8%,,"$8,689,609"
297,Elixir deUSD DEUSD,$0.9999,0.0%,0.0%,0.1%,,"$2,175,414"
298,Magic Eden ME,$2.01,0.1%,2.0%,15.6%,,"$17,441,740"
299,Aevo AEVO,$0.2861,0.1%,2.5%,11.0%,,"$50,996,703"
300,Kadena KDA,$0.8502,0.7%,4.5%,8.0%,,"$10,491,038"
101,Usual USD USD0,$0.9987,0.0%,0.0%,0.1%,,"$13,704,818"
102,EOS EOS,$0.813,0.4%,1.4%,8.1%,,"$119,659,272"
103,Kaia KAIA,$0.2081,0.0%,0.8%,8.6%,,"$11,311,860"
104,IOTA IOTA,$0.3348,0.8%,4.0%,8.0%,,"$21,175,187"
105,Tezos XTZ,$1.17,0.4%,1.3%,9.6%,,"$22,234,194"
106,Pyth Network PYTH,$0.3183,0.2%,2.4%,8.3%,,"$40,732,497"
107,DeXe DEXE,$20.14,0.5%,2.9%,18.8%,,"$26,041,676"
108,Ethereum Name Service ENS,$34.35,0.1%,1.1%,2.7%,,"$56,417,150"
109,SPX6900 SPX,$1.20,1.7%,0.2%,12.1%,,"$32,442,517"
110,Maker MKR,"$1,247.60",0.2%,0.4%,7.7%,,"$134,184,348"
111,Flow FLOW,$0.6939,0.4%,2.5%,4.7%,,"$21,304,280"
112,Solv Protocol SolvBTC.BBN SOLVBTC.BBN,"$103,106",0.0%,0.2%,1.1%,,"$6,058,692"
113,Curve DAO CRV,$0.8279,1.6%,2.1%,8.2%,,"$145,163,135"
114,BitTorrent BTT,$0.051077,0.1%,0.2%,4.1%,,"$27,853,718"
115,Bitcoin SV BSV,$52.33,0.1%,1.5%,4.0%,,"$20,519,128"
116,NEO NEO,$14.36,0.2%,3.4%,5.7%,,"$16,795,203"
117,Jupiter Staked SOL JUPSOL,$278.27,0.1%,3.8%,4.5%,,"$39,875,232"
118,Arweave AR,$14.76,0.5%,2.9%,9.3%,,"$22,481,769"
119,Renzo Restaked ETH EZETH,"$3,450.77",0.1%,1.3%,2.0%,,"$4,389,260"
120,Beam BEAM,$0.01748,0.1%,4.5%,23.1%,,"$48,051,117"
121,Axie Infinity AXS,$5.81,0.2%,1.8%,5.3%,,"$31,476,522"
122,Starknet STRK,$0.3769,0.1%,4.1%,8.7%,,"$53,349,266"
123,Binance-Peg Dogecoin DOGE,$0.3547,0.1%,1.6%,9.6%,,"$2,263,955"
125,ai16z AI16Z,$0.8177,0.4%,1.8%,16.6%,,"$134,748,238"
124,THORChain RUNE,$2.56,0.3%,18.9%,29.9%,,"$689,505,461"
126,Decentraland MANA,$0.4789,0.1%,0.6%,5.4%,,"$54,095,544"
127,AIOZ Network AIOZ,$0.7688,0.2%,1.4%,16.7%,,"$8,538,810"
128,ether.fi Staked ETH EETH,"$3,334.02",0.0%,1.5%,1.9%,,"$132,699"
129,Arbitrum Bridged WBTC (Arbitrum One) WBTC,"$104,817",0.1%,0.6%,0.3%,,"$68,579,983"
130,Brett BRETT,$0.08676,0.3%,0.6%,20.8%,,"$26,880,907"
131,MultiversX EGLD,$30.75,0.1%,2.3%,11.0%,,"$17,419,999"
132,Wrapped BNB WBNB,$689.05,0.0%,0.9%,2.2%,,"$68,889,303"
133,dYdX DYDX,$1.17,0.2%,2.0%,8.9%,,"$27,563,279"
134,Jito JTO,$2.88,1.0%,3.8%,11.1%,,"$57,368,688"
135,Polygon MATIC,$0.4401,0.1%,1.6%,6.0%,,"$4,558,040"
136,Core CORE,$0.8364,0.0%,1.7%,8.1%,,"$26,771,895"
137,Aerodrome Finance AERO,$1.01,0.1%,1.1%,16.1%,,"$34,930,958"
138,USDD USDD,$0.9977,0.2%,0.2%,0.2%,,"$2,628,698"
139,Mantle Restaked ETH CMETH,"$3,525.03",0.1%,1.3%,2.3%,,"$8,123,932"
140,Zcash ZEC,$46.90,0.4%,1.7%,5.7%,,"$95,931,992"
141,Conflux CFX,$0.1534,0.5%,1.4%,5.7%,,"$34,353,386"
142,L2 Standard Bridged WETH (Base) WETH,"$3,335.90",0.2%,1.1%,1.8%,,"$607,625,164"
143,ApeCoin APE,$0.9959,0.4%,1.0%,6.6%,,"$73,324,361"
144,Chiliz CHZ,$0.07594,0.3%,3.4%,6.7%,,"$38,121,668"
145,Arbitrum Bridged WETH (Arbitrum One) WETH,"$3,337.32",0.1%,1.3%,2.1%,,"$277,390,050"
146,Reserve Rights RSR,$0.01265,0.0%,2.0%,13.3%,,"$46,996,937"
147,Helium HNT,$3.90,0.1%,2.5%,24.5%,,"$9,453,875"
148,Ether.fi Staked BTC EBTC,"$105,007",0.1%,0.6%,0.1%,,"$1,068,666"
149,Akash Network AKT,$2.79,0.1%,2.1%,6.3%,,"$5,343,154"
150,Amp AMP,$0.008147,3.3%,9.3%,1.3%,,"$59,983,062"
151,Tether Gold XAUT,"$2,760.63",0.2%,0.1%,2.8%,,"$5,022,264"
153,Morpho MORPHO,$3.11,0.2%,5.4%,16.3%,,"$51,571,125"
152,Compound COMP,$76.11,0.0%,2.7%,7.0%,,"$41,948,288"
154,Eigenlayer EIGEN,$2.85,1.7%,1.6%,0.4%,,"$87,980,611"
155,eCash XEC,$0.00003366,0.2%,2.7%,3.9%,,"$30,886,264"
156,DeepBook DEEP,$0.2601,1.9%,2.3%,9.8%,,"$27,788,884"
157,Frax FRAX,$0.9972,0.0%,0.1%,0.2%,,"$6,100,982"
158,Wormhole W,$0.228,0.2%,1.6%,7.5%,,"$33,766,455"
159,MEOW MEOW,$0.007066,0.6%,13.7%,40.7%,,"$1,054,241"
160,usdx.money USDX USDX,$0.9993,0.0%,0.5%,0.1%,,"$1,775,655"
161,Pendle PENDLE,$3.76,0.1%,3.4%,3.4%,,"$48,631,789"
162,Ronin RON,$1.62,0.2%,0.2%,6.9%,,"$17,745,316"
163,PancakeSwap CAKE,$2.12,0.1%,1.1%,8.8%,,"$37,202,955"
164,pumpBTC PUMPBTC,"$102,180",0.0%,0.8%,9.0%,,"$24,676.98"
165,Ultima ULTIMA,"$14,122.77",0.1%,1.3%,47.4%,,"$5,294,169"
166,Gigachad GIGA,$0.06313,1.5%,2.3%,10.7%,,"$23,563,909"
167,Mina Protocol MINA,$0.4968,0.2%,2.3%,11.1%,,"$19,804,709"
168,Gnosis GNO,$230.11,0.4%,2.0%,2.2%,,"$7,670,896"
169,Axelar AXL,$0.6472,0.1%,0.9%,3.7%,,"$12,150,205"
170,Resolv USR USR,$1.00,0.0%,0.0%,0.1%,,"$12,955,509"
171,ZKsync ZK,$0.1535,0.0%,2.2%,10.2%,,"$43,779,300"
172,PAX Gold PAXG,"$2,765.34",0.0%,0.0%,2.9%,,"$10,163,188"
173,Mog Coin MOG,$0.051426,0.3%,1.3%,16.3%,,"$20,965,428"
175,Toshi TOSHI,$0.001314,3.4%,94.6%,239.2%,,"$800,919,849"
174,Synthetix Network SNX,$1.62,0.3%,2.7%,9.0%,,"$38,280,699"
176,aixbt by Virtuals AIXBT,$0.6332,0.9%,1.7%,10.7%,,"$133,554,564"
177,Avalanche Bridged BTC (Avalanche) BTC.B,"$105,122",0.2%,0.9%,0.3%,,"$23,848,158"
178,Coinbase Wrapped Staked ETH CBETH,"$3,626.29",0.1%,1.3%,1.9%,,"$11,828,239"
179,Beldex BDX,$0.07725,0.0%,1.8%,2.6%,,"$4,786,399"
180,Echelon Prime PRIME,$10.06,0.1%,0.1%,27.4%,,"$10,791,430"
181,Telcoin TEL,$0.006752,0.8%,1.9%,9.4%,,"$2,340,683"
182,dYdX ETHDYDX,$1.17,0.4%,2.3%,8.6%,,"$47,063,611"
183,INSURANCE INSURANCE,$27.90,0.0%,1.5%,11.7%,,"$43,817.34"
184,StakeStone Berachain Vault Token BERASTONE,"$3,335.02",0.0%,1.4%,1.9%,,"$5,807,647"
185,Notcoin NOT,$0.005043,0.0%,3.7%,12.5%,,"$29,772,455"
186,CHEX Token CHEX,$0.5065,0.9%,0.6%,1.4%,,"$2,270,713"
187,Grass GRASS,$2.07,0.4%,11.0%,18.3%,,"$37,999,140"
188,Snek SNEK,$0.006734,0.6%,0.6%,12.1%,,"$2,978,596"
189,APENFT NFT,$0.065058,0.4%,1.2%,2.1%,,"$26,783,748"
190,Kava KAVA,$0.4586,0.0%,3.1%,3.7%,,"$15,011,161"
191,TrueUSD TUSD,$0.9984,0.0%,0.0%,0.0%,,"$22,897,037"
192,PayPal USD PYUSD,$0.9998,0.0%,0.1%,0.1%,,"$13,747,941"
193,VeThor VTHO,$0.005648,1.9%,4.4%,121.8%,,"$140,213,248"
194,Frax Ether FRXETH,"$3,330.45",0.0%,1.2%,2.0%,,"$1,904,622"
195,Polygon PoS Bridged WETH (Polygon POS) WETH,"$3,338.52",0.2%,1.3%,2.0%,,"$16,859,032"
196,tBTC TBTC,"$104,930",0.3%,0.6%,0.4%,,"$7,634,321"
198,SuperVerse SUPER,$1.02,0.4%,2.3%,15.2%,,"$20,897,611"
197,Newton Project NEW,$0.01078,1.3%,73.0%,1110.6%,,"$17,158,719"
199,Livepeer LPT,$12.10,0.1%,1.9%,9.1%,,"$26,924,410"
200,Terra Luna Classic LUNC,$0.0000825,0.2%,3.2%,12.3%,,"$16,014,985"
201,1inch 1INCH,$0.3209,0.0%,4.2%,11.4%,,"$24,254,618"
202,Trust Wallet TWT,$1.07,0.1%,3.4%,7.7%,,"$21,835,955"
203,Stader ETHx ETHX,"$3,503.81",0.5%,1.4%,2.3%,,"$226,866"
204,Kusama KSM,$27.74,0.2%,2.6%,8.8%,,"$9,600,370"
205,Safe SAFE,$0.8397,0.5%,5.2%,5.4%,,"$12,677,985"
206,Oasis ROSE,$0.06547,0.3%,4.2%,13.1%,,"$24,948,742"
207,Blur BLUR,$0.2033,0.0%,5.4%,4.2%,,"$21,147,911"
208,Theta Fuel TFUEL,$0.06445,0.3%,4.0%,1.1%,,"$4,761,172"
210,Swell Ethereum SWETH,"$3,599.77",0.1%,1.2%,1.9%,,"$985,435"
209,LayerZero ZRO,$3.92,0.3%,2.8%,12.0%,,"$36,776,259"
211,Arkham ARKM,$1.23,0.2%,1.5%,7.3%,,"$50,225,050"
213,io.net IO,$3.20,0.5%,3.2%,0.1%,,"$105,100,141"
212,cat in a dogs world MEW,$0.004867,0.0%,1.3%,22.7%,,"$18,422,187"
215,QuantixAI QAI,$88.77,0.0%,0.7%,0.2%,,"$1,742,649"
214,Dash DASH,$35.51,0.4%,1.0%,6.8%,,"$33,723,957"
216,ORDI ORDI,$20.44,0.1%,4.1%,14.8%,,"$64,639,095"
217,Solayer Staked SOL SSOL,$271.76,0.1%,3.7%,0.4%,,"$5,367,334"
218,Nervos Network CKB,$0.009389,0.0%,2.5%,7.7%,,"$16,139,630"
219,Creditcoin CTC,$1.02,0.1%,0.4%,5.1%,,"$7,350,262"
220,Popcat POPCAT,$0.4313,0.9%,0.2%,26.9%,,"$46,311,624"
221,Bridged USDC (Polygon PoS Bridge) USDC.E,$0.9998,0.0%,0.0%,0.1%,,"$17,767,714"
222,Super OETH SUPEROETHB,"$3,338.70",0.1%,1.3%,2.1%,,"$368,981"
223,GRIFFAIN GRIFFAIN,$0.4133,0.6%,6.3%,11.2%,,"$45,698,006"
224,Turbo TURBO,$0.005884,0.1%,0.1%,21.0%,,"$48,145,653"
225,Astar ASTR,$0.054,0.3%,2.3%,5.7%,,"$10,736,974"
227,USDB USDB,$0.9956,0.0%,1.0%,0.3%,,"$5,494,879"
226,Hashnote USYC USYC,$1.08,0.0%,0.0%,0.2%,,"$39,806.21"
228,Holo HOT,$0.002241,0.6%,2.0%,7.5%,,"$12,310,025"
229,Melania Meme MELANIA,$2.64,1.0%,12.8%,-,,"$203,773,091"
230,Bio Protocol BIO,$0.243,0.4%,4.5%,21.0%,,"$50,024,407"
231,0x Protocol ZRX,$0.4629,0.9%,7.1%,5.6%,,"$43,086,100"
233,Vine VINE,$0.3883,0.2%,33.0%,-,,"$942,845,439"
232,Dog (Bitcoin) DOG,$0.003899,0.1%,0.8%,22.3%,,"$10,532,763"
234,Zilliqa ZIL,$0.02002,0.1%,3.2%,5.7%,,"$14,779,407"
235,OriginTrail TRAC,$0.7784,0.8%,8.5%,14.1%,,"$2,914,021"
236,Ether.fi ETHFI,$1.75,0.5%,4.0%,6.2%,,"$52,477,369"
237,AgentFun.AI AGENTFUN,$3.82,0.4%,0.3%,1.6%,,"$39,718.14"
238,JUST JST,$0.03848,0.1%,0.6%,0.1%,,"$39,921,545"
239,Freysa AI FAI,$0.04616,1.0%,0.4%,15.8%,,"$3,232,675"
240,Ondo US Dollar Yield USDY,$1.06,0.1%,0.6%,0.1%,,"$2,677,149"
241,Baby Doge Coin BABYDOGE,$0.082254,0.1%,3.6%,13.6%,,"$18,782,795"
242,Verus VRSC,$4.75,0.1%,0.7%,6.0%,,"$3,694.16"
243,Olympus OHM,$22.52,0.1%,0.5%,0.4%,,"$505,296"
244,Liquid Staked ETH LSETH,"$3,556.66",0.1%,1.3%,1.9%,,"$16,167.35"
245,MimbleWimbleCoin MWC,$33.54,0.1%,7.7%,28.0%,,"$1,898.81"
246,Binance-Peg BUSD BUSD,$0.9999,0.1%,0.1%,0.0%,,"$3,618,019"
247,cWBTC CWBTC,"$2,110.20",0.1%,0.6%,0.0%,,$0.00
248,MX MX,$3.84,0.1%,1.0%,4.6%,,"$48,600,821"
249,Basic Attention BAT,$0.2391,0.5%,6.3%,1.1%,,"$42,922,498"
250,Aethir ATH,$0.05724,0.3%,0.9%,5.5%,,"$19,042,431"
251,Polygon Bridged WBTC (Polygon POS) WBTC,"$104,966",0.0%,0.6%,0.2%,,"$3,871,352"
252,Staked Frax Ether SFRXETH,"$3,699.94",0.0%,1.3%,2.1%,,"$109,078"
253,Golem GLM,$0.3479,0.4%,2.5%,5.6%,,"$14,950,794"
254,SafePal SFP,$0.6946,0.1%,2.4%,0.3%,,"$8,116,910"
255,Akuma Inu AKUMA,$0.0005066,0.2%,4.0%,12.9%,,"$8,890,055"
256,BENQI Liquid Staked AVAX SAVAX,$44.77,0.4%,6.5%,2.0%,,"$3,833,290"
257,AI Rig Complex ARC,$0.3345,1.4%,5.6%,29.8%,,"$62,935,323"
258,SwissBorg BORG,$0.3379,0.1%,0.6%,5.5%,,"$612,208"
259,Celo CELO,$0.5846,0.6%,4.0%,6.8%,,"$29,031,323"
260,WOO WOO,$0.1745,0.2%,1.4%,11.3%,,"$16,205,783"
261,IoTeX IOTX,$0.03394,0.4%,3.7%,9.0%,,"$9,025,680"
262,Gas GAS,$4.90,0.1%,4.0%,0.7%,,"$4,958,489"
263,Horizen ZEN,$20.10,0.0%,2.4%,17.1%,,"$16,627,631"
264,Qtum QTUM,$2.99,0.0%,2.8%,5.7%,,"$12,490,825"
265,WEMIX WEMIX,$0.7548,0.4%,1.1%,8.2%,,"$1,840,436"
266,Animecoin ANIME,$0.05611,0.6%,2.5%,-,,"$216,069,048"
267,Peanut the Squirrel PNUT,$0.3093,0.0%,2.6%,38.0%,,"$92,118,048"
268,Ankr Network ANKR,$0.0308,0.5%,2.5%,9.2%,,"$14,068,968"
269,Siacoin SC,$0.005527,0.7%,4.1%,2.0%,,"$22,945,828"
270,Vana VANA,$9.94,0.3%,0.5%,6.5%,,"$10,562,416"
271,Bridged Ether (StarkGate) ETH,"$3,337.35",0.3%,1.3%,2.2%,,"$2,159,960"
272,Bybit Staked SOL BBSOL,$273.12,0.1%,3.9%,4.9%,,"$3,763,581"
273,ZetaChain ZETA,$0.476,0.1%,6.0%,9.8%,,"$14,688,976"
274,Memecoin MEME,$0.008163,0.3%,2.0%,17.8%,,"$38,017,174"
275,Enjin Coin ENJ,$0.1661,0.1%,1.6%,12.4%,,"$16,177,694"
276,Moca Network MOCA,$0.181,0.4%,5.9%,8.9%,,"$24,343,394"
278,Osmosis OSMO,$0.4167,0.1%,0.0%,6.2%,,"$6,383,722"
277,Polymesh POLYX,$0.2609,0.4%,7.0%,1.5%,,"$8,883,459"
279,UXLINK UXLINK,$0.8668,0.5%,3.2%,8.0%,,"$113,668,121"
280,SATS (Ordinals) SATS,$0.061385,1.0%,8.8%,9.8%,,"$27,328,622"
281,Convex Finance CVX,$3.54,0.5%,1.6%,13.1%,,"$15,501,785"
282,would WOULD,$0.2906,0.2%,2.8%,10.2%,,"$959,555"
283,EthereumPoW ETHW,$2.64,0.1%,1.2%,11.2%,,"$4,711,214"
284,aelf ELF,$0.3813,0.1%,0.7%,9.3%,,"$12,925,399"
285,Plume PLUME,$0.1402,2.1%,24.4%,-,,"$188,694,482"
286,Constellation DAG,$0.07835,0.4%,2.1%,20.2%,,"$2,106,969"
287,Ravencoin RVN,$0.01882,0.1%,2.4%,5.6%,,"$5,470,930"
288,GMT GMT,$0.1045,0.2%,2.4%,12.9%,,"$56,452,007"
289,Drift Protocol DRIFT,$0.9778,0.0%,1.6%,18.0%,,"$27,392,126"
290,Threshold Network T,$0.02662,0.1%,5.4%,3.9%,,"$14,050,725"
291,BOOK OF MEME BOME,$0.003878,0.1%,3.0%,31.3%,,"$61,832,189"
292,Qubic QUBIC,$0.052365,0.1%,1.7%,1.6%,,"$3,607,127"
293,Mantle Bridged USDT (Mantle) USDT,$0.9995,0.1%,0.7%,0.4%,,"$4,313,824"
294,Metars Genesis MRS,$3.16,0.1%,0.6%,0.1%,,"$61,151.65"
295,Chia XCH,$19.09,0.0%,0.1%,10.7%,,"$8,658,993"
296,Harmony ONE,$0.02148,0.3%,2.2%,11.8%,,"$8,690,829"
297,Elixir deUSD DEUSD,$1.00,0.0%,0.0%,0.1%,,"$2,175,832"
298,Magic Eden ME,$2.01,0.1%,2.0%,15.6%,,"$17,430,697"
299,Aevo AEVO,$0.2861,0.1%,2.5%,11.0%,,"$51,008,067"
300,Kadena KDA,$0.8502,0.7%,4.6%,8.0%,,"$10,491,900"
101,Usual USD USD0,$0.9989,0.0%,0.0%,0.1%,,"$13,707,154"
102,EOS EOS,$0.8131,0.4%,1.4%,8.1%,,"$119,675,661"
103,Kaia KAIA,$0.2081,0.0%,0.8%,8.6%,,"$11,315,106"
104,IOTA IOTA,$0.3348,0.8%,4.0%,8.0%,,"$21,180,518"
105,Tezos XTZ,$1.17,0.4%,1.3%,9.6%,,"$22,254,742"
106,Pyth Network PYTH,$0.3183,0.2%,2.4%,8.3%,,"$40,727,569"
107,DeXe DEXE,$20.14,0.5%,2.9%,18.8%,,"$26,034,712"
108,Ethereum Name Service ENS,$34.34,0.1%,1.1%,2.7%,,"$56,226,179"
109,SPX6900 SPX,$1.20,1.7%,0.2%,12.1%,,"$32,446,197"
110,Maker MKR,"$1,247.81",0.2%,0.4%,7.7%,,"$133,958,006"
111,Flow FLOW,$0.6939,0.4%,2.5%,4.7%,,"$21,308,151"
112,Solv Protocol SolvBTC.BBN SOLVBTC.BBN,"$103,125",0.0%,0.2%,1.1%,,"$6,059,838"
113,Curve DAO CRV,$0.828,1.6%,2.1%,8.2%,,"$145,213,556"
114,BitTorrent BTT,$0.051077,0.1%,0.1%,4.1%,,"$27,860,470"
115,Bitcoin SV BSV,$52.33,0.1%,1.5%,4.0%,,"$20,522,848"
116,NEO NEO,$14.36,0.2%,3.4%,5.7%,,"$17,012,821"
117,Jupiter Staked SOL JUPSOL,$278.35,0.1%,3.8%,4.5%,,"$39,887,902"
118,Arweave AR,$14.76,0.5%,2.9%,9.3%,,"$22,486,159"
119,Renzo Restaked ETH EZETH,"$3,451.17",0.1%,1.3%,2.0%,,"$4,389,869"
120,Beam BEAM,$0.01748,0.1%,4.5%,23.1%,,"$48,053,528"
121,Axie Infinity AXS,$5.81,0.2%,1.8%,5.3%,,"$31,501,058"
122,Starknet STRK,$0.3767,0.1%,4.0%,8.7%,,"$53,370,457"
123,Binance-Peg Dogecoin DOGE,$0.3549,0.1%,1.5%,9.6%,,"$2,265,036"
125,ai16z AI16Z,$0.8179,0.4%,1.8%,16.6%,,"$134,773,953"
124,THORChain RUNE,$2.56,0.3%,18.9%,29.9%,,"$689,647,153"
126,Decentraland MANA,$0.4793,0.1%,0.7%,5.4%,,"$50,360,922"
127,AIOZ Network AIOZ,$0.769,0.2%,1.4%,16.7%,,"$8,541,443"
128,ether.fi Staked ETH EETH,"$3,328.40",0.0%,1.5%,1.9%,,"$125,651"
129,Arbitrum Bridged WBTC (Arbitrum One) WBTC,"$104,827",0.1%,0.5%,0.3%,,"$68,609,940"
130,Brett BRETT,$0.08675,0.3%,0.6%,20.8%,,"$27,027,983"
131,MultiversX EGLD,$30.75,0.1%,2.3%,11.0%,,"$17,528,142"
132,Wrapped BNB WBNB,$689.20,0.0%,0.9%,2.2%,,"$54,889,826"
133,dYdX DYDX,$1.16,0.2%,1.9%,8.9%,,"$27,602,637"
134,Jito JTO,$2.88,1.0%,3.8%,11.1%,,"$57,523,866"
135,Polygon MATIC,$0.4402,0.1%,1.6%,6.0%,,"$4,557,588"
136,Core CORE,$0.8361,0.0%,1.6%,8.1%,,"$26,784,702"
137,Aerodrome Finance AERO,$1.01,0.1%,1.1%,16.1%,,"$34,938,583"
138,USDD USDD,$0.9979,0.2%,0.2%,0.2%,,"$2,629,267"
139,Mantle Restaked ETH CMETH,"$3,525.70",0.1%,1.3%,2.3%,,"$8,125,469"
140,Zcash ZEC,$46.91,0.4%,1.7%,5.7%,,"$95,942,699"
141,Conflux CFX,$0.1533,0.5%,1.3%,5.7%,,"$34,353,084"
142,L2 Standard Bridged WETH (Base) WETH,"$3,336.53",0.2%,1.1%,1.8%,,"$607,746,681"
143,ApeCoin APE,$0.996,0.4%,1.0%,6.6%,,"$73,341,646"
144,Chiliz CHZ,$0.07595,0.3%,3.4%,6.7%,,"$38,126,939"
145,Arbitrum Bridged WETH (Arbitrum One) WETH,"$3,337.75",0.1%,1.3%,2.1%,,"$269,002,605"
146,Reserve Rights RSR,$0.01265,0.0%,2.0%,13.3%,,"$47,003,028"
147,Helium HNT,$3.91,0.1%,2.6%,24.5%,,"$9,455,664"
148,Ether.fi Staked BTC EBTC,"$105,027",0.1%,0.6%,0.1%,,"$1,068,868"
149,Akash Network AKT,$2.79,0.1%,2.1%,6.3%,,"$5,343,646"
150,Amp AMP,$0.008149,3.3%,9.4%,1.3%,,"$59,995,544"
151,Tether Gold XAUT,"$2,761.17",0.2%,0.1%,2.8%,,"$4,961,326"
153,Morpho MORPHO,$3.11,0.2%,5.4%,16.3%,,"$51,585,504"
152,Compound COMP,$76.09,0.0%,2.7%,7.0%,,"$41,954,383"
154,Eigenlayer EIGEN,$2.85,1.7%,1.5%,0.4%,,"$87,975,319"
155,eCash XEC,$0.00003366,0.2%,2.7%,3.9%,,"$31,090,143"
156,DeepBook DEEP,$0.2601,1.9%,2.3%,9.8%,,"$27,794,144"
157,Frax FRAX,$0.9974,0.0%,0.1%,0.2%,,"$6,107,202"
158,Wormhole W,$0.2282,0.2%,1.6%,7.5%,,"$33,736,479"
159,MEOW MEOW,$0.007068,0.6%,13.7%,40.7%,,"$1,054,429"
160,usdx.money USDX USDX,$0.9998,0.0%,0.6%,0.1%,,"$1,776,577"
161,Pendle PENDLE,$3.76,0.1%,3.4%,3.4%,,"$48,639,990"
162,Ronin RON,$1.62,0.2%,0.2%,6.9%,,"$17,733,076"
163,PancakeSwap CAKE,$2.12,0.1%,1.1%,8.8%,,"$37,210,206"
164,pumpBTC PUMPBTC,"$102,200",0.0%,0.8%,9.0%,,"$24,681.65"
165,Ultima ULTIMA,"$14,125.44",0.1%,1.3%,47.4%,,"$5,295,171"
166,Gigachad GIGA,$0.06315,1.5%,2.3%,10.7%,,"$23,558,583"
167,Mina Protocol MINA,$0.4967,0.2%,2.3%,11.1%,,"$19,806,247"
168,Gnosis GNO,$229.93,0.4%,1.9%,2.2%,,"$7,675,372"
169,Axelar AXL,$0.6471,0.1%,0.9%,3.7%,,"$12,098,033"
170,Resolv USR USR,$1.00,0.0%,0.0%,0.1%,,"$12,957,961"
171,ZKsync ZK,$0.1535,0.0%,2.2%,10.2%,,"$43,790,616"
172,PAX Gold PAXG,"$2,765.86",0.0%,0.0%,2.9%,,"$10,165,111"
173,Mog Coin MOG,$0.051427,0.3%,1.2%,16.3%,,"$20,969,819"
175,Toshi TOSHI,$0.001314,3.4%,94.5%,239.2%,,"$801,106,986"
174,Synthetix Network SNX,$1.61,0.3%,2.5%,9.0%,,"$38,287,828"
176,aixbt by Virtuals AIXBT,$0.6332,0.9%,1.7%,10.7%,,"$133,488,446"
177,Avalanche Bridged BTC (Avalanche) BTC.B,"$105,062",0.2%,0.8%,0.3%,,"$23,834,592"
178,Coinbase Wrapped Staked ETH CBETH,"$3,627.01",0.1%,1.3%,1.9%,,"$11,830,374"
179,Beldex BDX,$0.07727,0.0%,1.8%,2.6%,,"$4,787,305"
180,Echelon Prime PRIME,$10.06,0.1%,0.1%,27.4%,,"$10,792,588"
181,Telcoin TEL,$0.006757,0.8%,1.9%,9.4%,,"$2,341,080"
182,dYdX ETHDYDX,$1.17,0.4%,2.3%,8.6%,,"$47,077,546"
183,INSURANCE INSURANCE,$27.90,0.0%,1.5%,11.7%,,"$43,828.85"
184,StakeStone Berachain Vault Token BERASTONE,"$3,335.65",0.0%,1.4%,1.9%,,"$5,808,746"
185,Notcoin NOT,$0.005043,0.0%,3.6%,12.5%,,"$29,777,356"
186,CHEX Token CHEX,$0.5065,0.9%,0.6%,1.4%,,"$2,271,895"
187,Grass GRASS,$2.07,0.4%,11.0%,18.3%,,"$37,996,200"
188,Snek SNEK,$0.006743,0.6%,0.6%,12.1%,,"$2,955,609"
189,APENFT NFT,$0.065059,0.4%,1.2%,2.1%,,"$26,789,201"
190,Kava KAVA,$0.4586,0.0%,3.1%,3.7%,,"$15,003,814"
191,TrueUSD TUSD,$0.9985,0.0%,0.1%,0.0%,,"$22,901,582"
192,PayPal USD PYUSD,$1,0.0%,0.1%,0.1%,,"$13,750,520"
193,VeThor VTHO,$0.005648,1.9%,4.4%,121.8%,,"$140,241,396"
194,Frax Ether FRXETH,"$3,328.17",0.0%,1.1%,2.0%,,"$1,903,313"
195,Polygon PoS Bridged WETH (Polygon POS) WETH,"$3,337.29",0.2%,1.2%,2.0%,,"$16,863,135"
196,tBTC TBTC,"$104,948",0.3%,0.6%,0.4%,,"$7,635,772"
198,SuperVerse SUPER,$1.02,0.4%,2.3%,15.2%,,"$20,908,140"
197,Newton Project NEW,$0.01078,1.3%,73.0%,1110.6%,,"$17,179,701"
199,Livepeer LPT,$12.10,0.1%,1.8%,9.1%,,"$27,060,112"
200,Terra Luna Classic LUNC,$0.00008251,0.2%,3.2%,12.3%,,"$16,019,179"
201,1inch 1INCH,$0.3209,0.0%,4.2%,11.4%,,"$24,255,259"
202,Trust Wallet TWT,$1.07,0.2%,3.5%,7.7%,,"$21,810,192"
203,Stader ETHx ETHX,"$3,503.81",0.5%,1.2%,2.3%,,"$226,866"
204,Kusama KSM,$27.74,0.2%,2.6%,8.7%,,"$9,607,468"
205,Safe SAFE,$0.8396,0.7%,5.0%,5.6%,,"$12,678,019"
206,Oasis ROSE,$0.06544,0.3%,4.2%,13.1%,,"$24,912,491"
207,Blur BLUR,$0.2033,0.0%,5.3%,4.2%,,"$21,102,042"
208,Theta Fuel TFUEL,$0.06445,0.3%,3.8%,1.1%,,"$4,761,133"
210,Swell Ethereum SWETH,"$3,599.77",0.1%,1.2%,1.9%,,"$985,435"
209,LayerZero ZRO,$3.92,0.4%,2.8%,12.0%,,"$36,778,555"
211,Arkham ARKM,$1.23,0.2%,1.4%,7.4%,,"$50,243,355"
213,io.net IO,$3.20,0.5%,3.2%,0.1%,,"$105,084,872"
212,cat in a dogs world MEW,$0.004865,0.3%,1.0%,22.8%,,"$18,424,855"
215,QuantixAI QAI,$88.77,0.1%,0.6%,0.2%,,"$1,742,649"
214,Dash DASH,$35.51,0.3%,0.9%,6.8%,,"$33,710,184"
216,ORDI ORDI,$20.44,0.1%,4.1%,14.8%,,"$64,326,547"
217,Solayer Staked SOL SSOL,$271.79,0.1%,3.7%,0.4%,,"$5,356,320"
218,Nervos Network CKB,$0.009387,0.0%,2.5%,7.7%,,"$16,158,037"
219,Creditcoin CTC,$1.02,0.1%,0.5%,5.2%,,"$7,345,301"
220,Popcat POPCAT,$0.4308,1.0%,0.3%,27.0%,,"$46,302,467"
221,Bridged USDC (Polygon PoS Bridge) USDC.E,$1.00,0.0%,0.0%,0.1%,,"$17,912,077"
222,Super OETH SUPEROETHB,"$3,338.00",0.1%,1.2%,2.1%,,"$367,972"
223,GRIFFAIN GRIFFAIN,$0.413,0.7%,6.3%,11.3%,,"$45,714,411"
224,Turbo TURBO,$0.005881,0.2%,0.2%,21.0%,,"$48,234,522"
225,Astar ASTR,$0.054,0.3%,2.4%,5.7%,,"$10,736,957"
227,USDB USDB,$0.9958,0.0%,1.0%,0.3%,,"$5,494,879"
226,Hashnote USYC USYC,$1.08,0.0%,0.0%,0.2%,,"$39,806.21"
228,Holo HOT,$0.002242,0.6%,2.0%,7.5%,,"$12,310,974"
229,Melania Meme MELANIA,$2.64,1.0%,12.8%,-,,"$203,766,577"
230,Bio Protocol BIO,$0.2429,0.4%,4.5%,21.0%,,"$50,037,413"
231,0x Protocol ZRX,$0.4631,0.9%,7.1%,5.6%,,"$43,093,317"
233,Vine VINE,$0.3883,0.4%,32.7%,-,,"$942,831,292"
232,Dog (Bitcoin) DOG,$0.003895,0.0%,0.8%,22.3%,,"$10,527,270"
234,Zilliqa ZIL,$0.02002,0.1%,3.2%,5.6%,,"$14,787,123"
235,OriginTrail TRAC,$0.7789,0.8%,8.5%,14.1%,,"$2,914,062"
236,Ether.fi ETHFI,$1.75,0.5%,3.9%,6.2%,,"$52,373,120"
237,AgentFun.AI AGENTFUN,$3.82,0.4%,0.4%,1.5%,,"$39,667.14"
238,JUST JST,$0.03848,0.1%,0.6%,0.1%,,"$39,915,470"
239,Freysa AI FAI,$0.04616,0.9%,0.4%,15.8%,,"$3,233,188"
240,Ondo US Dollar Yield USDY,$1.06,0.1%,0.6%,0.1%,,"$2,677,180"
241,Baby Doge Coin BABYDOGE,$0.082254,0.1%,3.6%,13.6%,,"$18,764,041"
242,Verus VRSC,$4.75,0.1%,0.7%,6.0%,,"$3,694.16"
243,Olympus OHM,$22.51,0.1%,0.4%,0.5%,,"$505,235"
244,Liquid Staked ETH LSETH,"$3,556.66",0.1%,1.4%,1.9%,,"$16,167.35"
245,MimbleWimbleCoin MWC,$33.54,0.1%,7.7%,28.1%,,"$1,898.81"
246,Binance-Peg BUSD BUSD,$1.00,0.1%,0.1%,0.0%,,"$3,618,823"
247,cWBTC CWBTC,"$2,110.20",0.1%,0.6%,0.0%,,$0.00
248,MX MX,$3.84,0.0%,1.0%,4.6%,,"$48,600,819"
249,Basic Attention BAT,$0.2391,0.5%,6.3%,1.2%,,"$42,933,566"
250,Aethir ATH,$0.05725,0.3%,0.9%,5.5%,,"$19,040,079"
251,Polygon Bridged WBTC (Polygon POS) WBTC,"$104,990",0.1%,0.6%,0.2%,,"$3,849,275"
252,Staked Frax Ether SFRXETH,"$3,699.94",0.0%,1.3%,2.1%,,"$109,078"
253,Golem GLM,$0.348,0.3%,2.4%,5.6%,,"$14,952,223"
254,SafePal SFP,$0.6947,0.1%,2.4%,0.3%,,"$8,116,861"
255,Akuma Inu AKUMA,$0.0005066,0.2%,4.1%,12.9%,,"$8,890,052"
256,BENQI Liquid Staked AVAX SAVAX,$44.77,0.4%,6.5%,2.0%,,"$3,833,298"
257,AI Rig Complex ARC,$0.3345,1.4%,5.6%,29.8%,,"$62,931,973"
258,SwissBorg BORG,$0.3335,1.2%,0.8%,6.8%,,"$1,421,848"
259,Celo CELO,$0.5844,0.5%,4.0%,6.8%,,"$29,003,413"
260,WOO WOO,$0.1745,0.2%,1.5%,11.3%,,"$16,212,594"
261,IoTeX IOTX,$0.03397,0.3%,3.7%,9.0%,,"$9,031,899"
262,Gas GAS,$4.90,0.0%,4.0%,0.8%,,"$4,959,589"
263,Horizen ZEN,$20.10,0.0%,2.4%,17.1%,,"$16,625,811"
264,Qtum QTUM,$2.99,0.1%,2.8%,5.7%,,"$12,493,927"
265,WEMIX WEMIX,$0.7548,0.3%,1.1%,8.2%,,"$1,840,370"
266,Animecoin ANIME,$0.05612,0.7%,2.5%,-,,"$216,037,516"
267,Peanut the Squirrel PNUT,$0.3093,0.0%,2.7%,38.0%,,"$92,152,728"
268,Ankr Network ANKR,$0.0308,0.5%,2.5%,9.2%,,"$14,070,121"
269,Siacoin SC,$0.005528,0.7%,4.1%,2.0%,,"$22,945,526"
270,Vana VANA,$9.94,0.3%,0.4%,6.6%,,"$10,595,429"
271,Bridged Ether (StarkGate) ETH,"$3,337.35",0.3%,1.3%,2.2%,,"$2,159,960"
272,Bybit Staked SOL BBSOL,$272.95,0.3%,3.7%,4.9%,,"$3,761,060"
273,ZetaChain ZETA,$0.4759,0.1%,5.9%,9.8%,,"$14,687,520"
274,Memecoin MEME,$0.008161,0.2%,2.0%,17.8%,,"$38,036,345"
275,Enjin Coin ENJ,$0.1661,0.0%,1.6%,12.4%,,"$16,177,397"
276,Moca Network MOCA,$0.181,0.6%,5.9%,9.1%,,"$24,363,354"
278,Osmosis OSMO,$0.4167,0.2%,0.0%,6.1%,,"$6,383,245"
277,Polymesh POLYX,$0.2606,0.4%,6.8%,1.5%,,"$8,869,832"
279,UXLINK UXLINK,$0.8667,0.5%,3.2%,8.0%,,"$113,662,440"
280,SATS (Ordinals) SATS,$0.061385,0.9%,8.8%,9.6%,,"$27,329,851"
281,Convex Finance CVX,$3.54,0.5%,1.5%,13.1%,,"$15,519,645"
282,would WOULD,$0.2906,0.2%,2.8%,10.2%,,"$959,555"
283,EthereumPoW ETHW,$2.64,0.0%,1.2%,11.3%,,"$4,715,263"
284,aelf ELF,$0.3813,0.0%,0.7%,9.3%,,"$12,932,382"
285,Plume PLUME,$0.1405,2.1%,24.6%,-,,"$188,741,930"
286,Constellation DAG,$0.07844,0.5%,1.9%,20.3%,,"$2,103,613"
287,Ravencoin RVN,$0.01881,0.1%,2.4%,5.5%,,"$5,475,372"
288,GMT GMT,$0.1045,0.2%,2.4%,12.9%,,"$56,451,627"
289,Drift Protocol DRIFT,$0.9772,0.2%,1.4%,18.1%,,"$27,387,439"
290,Threshold Network T,$0.02662,0.1%,5.3%,4.0%,,"$14,050,797"
291,BOOK OF MEME BOME,$0.003873,0.1%,2.8%,31.3%,,"$62,170,197"
292,Qubic QUBIC,$0.052365,0.1%,1.7%,1.6%,,"$3,641,957"
293,Mantle Bridged USDT (Mantle) USDT,$0.9995,0.1%,0.7%,0.5%,,"$4,319,777"
294,Metars Genesis MRS,$3.16,0.1%,0.6%,0.1%,,"$61,151.65"
295,Chia XCH,$19.06,0.2%,0.1%,10.8%,,"$9,323,039"
296,Harmony ONE,$0.02149,0.3%,2.2%,11.8%,,"$8,673,909"
297,Elixir deUSD DEUSD,$1.00,0.0%,0.0%,0.1%,,"$2,175,832"
298,Magic Eden ME,$2.01,0.0%,2.0%,15.6%,,"$17,431,245"
299,Aevo AEVO,$0.2861,0.1%,2.5%,11.0%,,"$51,007,471"
300,Kadena KDA,$0.8498,0.7%,4.5%,8.0%,,"$10,490,640"
101,Usual USD USD0,$0.9986,0.0%,0.0%,0.1%,,"$13,704,244"
102,EOS EOS,$0.8128,0.4%,1.4%,8.1%,,"$119,651,561"
103,Kaia KAIA,$0.2081,0.0%,0.8%,8.6%,,"$11,314,656"
104,IOTA IOTA,$0.3347,0.8%,4.0%,8.0%,,"$21,176,078"
105,Tezos XTZ,$1.17,0.4%,1.4%,9.6%,,"$22,151,360"
106,Pyth Network PYTH,$0.3181,0.2%,2.4%,8.3%,,"$40,720,933"
107,DeXe DEXE,$20.13,0.8%,3.1%,18.7%,,"$26,025,976"
108,Ethereum Name Service ENS,$34.32,0.1%,1.1%,2.7%,,"$56,216,219"
109,SPX6900 SPX,$1.20,1.7%,0.3%,12.1%,,"$32,425,099"
110,Maker MKR,"$1,247.48",0.1%,0.4%,7.7%,,"$133,905,552"
111,Flow FLOW,$0.6935,0.3%,2.5%,4.7%,,"$21,579,007"
112,Solv Protocol SolvBTC.BBN SOLVBTC.BBN,"$103,103",0.0%,0.2%,1.1%,,"$6,058,552"
113,Curve DAO CRV,$0.8282,1.5%,2.1%,8.2%,,"$145,260,309"
114,BitTorrent BTT,$0.051077,0.1%,0.1%,4.1%,,"$27,856,863"
115,Bitcoin SV BSV,$52.31,0.1%,1.5%,4.1%,,"$20,520,385"
116,NEO NEO,$14.36,0.1%,3.3%,5.8%,,"$17,017,980"
117,Jupiter Staked SOL JUPSOL,$278.45,0.1%,3.9%,4.4%,,"$39,903,441"
118,Arweave AR,$14.76,0.5%,2.8%,9.3%,,"$22,484,049"
119,Renzo Restaked ETH EZETH,"$3,450.44",0.1%,1.3%,2.0%,,"$4,388,937"
120,Beam BEAM,$0.01747,0.1%,4.5%,23.1%,,"$48,101,914"
121,Axie Infinity AXS,$5.80,0.1%,1.8%,5.3%,,"$31,495,678"
122,Starknet STRK,$0.3766,0.0%,4.0%,8.8%,,"$53,359,691"
123,Binance-Peg Dogecoin DOGE,$0.3548,0.1%,1.5%,9.6%,,"$2,264,557"
124,THORChain RUNE,$2.56,0.3%,18.8%,29.9%,,"$689,567,741"
125,ai16z AI16Z,$0.8175,0.4%,1.8%,16.6%,,"$134,743,470"
126,Decentraland MANA,$0.4791,0.1%,0.6%,5.4%,,"$50,365,743"
127,AIOZ Network AIOZ,$0.7687,0.2%,1.4%,16.7%,,"$8,538,885"
128,ether.fi Staked ETH EETH,"$3,327.70",0.2%,1.3%,1.7%,,"$125,624"
129,Arbitrum Bridged WBTC (Arbitrum One) WBTC,"$104,805",0.1%,0.5%,0.2%,,"$68,595,340"
130,Brett BRETT,$0.08673,0.4%,0.6%,20.9%,,"$27,017,441"
131,MultiversX EGLD,$30.73,0.1%,2.3%,11.0%,,"$17,522,829"
132,Wrapped BNB WBNB,$689.10,0.0%,0.9%,2.2%,,"$51,733,694"
133,dYdX DYDX,$1.16,0.1%,1.9%,9.0%,,"$27,566,612"
134,Jito JTO,$2.88,1.1%,3.8%,11.1%,,"$57,511,437"
135,Polygon MATIC,$0.4401,0.1%,1.6%,6.0%,,"$4,556,637"
136,Core CORE,$0.8358,0.2%,1.5%,8.1%,,"$26,779,724"
137,Aerodrome Finance AERO,$1.01,0.1%,1.1%,16.1%,,"$34,931,013"
138,USDD USDD,$0.9977,0.2%,0.2%,0.2%,,"$2,628,860"
139,Mantle Restaked ETH CMETH,"$3,520.06",0.1%,1.3%,2.3%,,"$8,109,074"
140,Zcash ZEC,$46.89,0.4%,1.7%,5.7%,,"$95,909,946"
141,Conflux CFX,$0.1533,0.4%,1.3%,5.8%,,"$34,345,385"
142,L2 Standard Bridged WETH (Base) WETH,"$3,336.96",0.2%,1.2%,1.8%,,"$602,691,363"
143,ApeCoin APE,$0.9957,0.4%,1.1%,6.6%,,"$73,324,711"
144,Chiliz CHZ,$0.07591,0.2%,3.4%,6.7%,,"$38,119,811"
145,Arbitrum Bridged WETH (Arbitrum One) WETH,"$3,337.04",0.1%,1.2%,2.1%,,"$268,958,422"
146,Reserve Rights RSR,$0.01265,0.0%,1.9%,13.3%,,"$46,992,221"
147,Helium HNT,$3.90,0.1%,2.5%,24.5%,,"$9,452,643"
148,Ether.fi Staked BTC EBTC,"$105,004",0.1%,0.6%,0.1%,,"$1,068,641"
149,Akash Network AKT,$2.79,0.1%,2.0%,6.3%,,"$5,338,527"
150,Amp AMP,$0.008145,3.6%,9.3%,1.3%,,"$59,982,696"
151,Tether Gold XAUT,"$2,760.89",0.2%,0.1%,2.8%,,"$5,029,569"
153,Morpho MORPHO,$3.11,0.3%,5.5%,16.4%,,"$51,578,626"
152,Compound COMP,$76.07,0.0%,2.7%,7.1%,,"$41,943,329"
154,Eigenlayer EIGEN,$2.85,1.6%,1.5%,0.5%,,"$87,868,103"
155,eCash XEC,$0.00003365,0.2%,2.7%,3.9%,,"$30,891,115"
156,DeepBook DEEP,$0.26,1.9%,2.4%,9.9%,,"$27,793,242"
157,Frax FRAX,$0.9972,0.0%,0.1%,0.2%,,"$6,105,905"
158,Wormhole W,$0.2281,0.2%,1.6%,7.4%,,"$33,733,874"
159,MEOW MEOW,$0.007065,0.6%,13.7%,40.7%,,"$1,051,170"
160,usdx.money USDX USDX,$0.9996,0.0%,0.6%,0.1%,,"$1,776,199"
161,Pendle PENDLE,$3.76,0.1%,3.3%,3.4%,,"$48,622,043"
162,Ronin RON,$1.62,0.1%,0.2%,7.0%,,"$17,729,446"
163,PancakeSwap CAKE,$2.12,0.1%,1.0%,8.8%,,"$37,165,009"
164,pumpBTC PUMPBTC,"$102,178",0.0%,0.8%,9.0%,,"$24,676.41"
165,Ultima ULTIMA,"$14,121.56",0.1%,1.3%,47.4%,,"$5,294,046"
166,Gigachad GIGA,$0.06308,1.6%,2.2%,10.7%,,"$23,553,591"
167,Mina Protocol MINA,$0.4965,0.1%,2.2%,11.1%,,"$19,720,953"
168,Gnosis GNO,$229.87,0.2%,1.9%,2.3%,,"$7,675,261"
169,Axelar AXL,$0.6468,0.0%,0.9%,3.7%,,"$12,093,316"
170,Resolv USR USR,$1.00,0.0%,0.0%,0.1%,,"$12,955,209"
171,ZKsync ZK,$0.1534,0.0%,2.1%,10.2%,,"$43,766,440"
172,PAX Gold PAXG,"$2,765.35",0.0%,0.1%,2.9%,,"$10,158,958"
173,Mog Coin MOG,$0.051426,0.4%,1.3%,16.4%,,"$20,966,021"
175,Toshi TOSHI,$0.001311,3.3%,94.2%,239.5%,,"$802,450,927"
174,Synthetix Network SNX,$1.61,0.1%,2.5%,9.1%,,"$38,246,349"
177,Avalanche Bridged BTC (Avalanche) BTC.B,"$105,040",0.0%,0.8%,0.3%,,"$23,829,497"
176,aixbt by Virtuals AIXBT,$0.633,1.0%,1.7%,10.8%,,"$133,442,130"
178,Coinbase Wrapped Staked ETH CBETH,"$3,626.24",0.1%,1.3%,1.9%,,"$11,829,524"
179,Beldex BDX,$0.07725,0.0%,1.8%,2.6%,,"$4,786,288"
180,Echelon Prime PRIME,$10.06,0.1%,0.1%,27.4%,,"$10,789,256"
181,Telcoin TEL,$0.006756,0.8%,1.9%,9.5%,,"$2,341,912"
182,dYdX ETHDYDX,$1.17,0.2%,2.2%,8.6%,,"$47,269,393"
183,INSURANCE INSURANCE,$27.90,0.0%,1.5%,11.7%,,"$43,819.54"
184,StakeStone Berachain Vault Token BERASTONE,"$3,334.94",0.0%,1.4%,1.9%,,"$5,807,513"
185,Notcoin NOT,$0.005042,0.0%,3.7%,12.5%,,"$29,770,751"
186,CHEX Token CHEX,$0.5064,0.9%,0.7%,1.4%,,"$2,271,413"
187,Grass GRASS,$2.06,0.5%,10.9%,18.3%,,"$37,967,567"
188,Snek SNEK,$0.006742,0.5%,0.7%,12.2%,,"$2,954,984"
189,APENFT NFT,$0.065058,0.4%,1.2%,2.1%,,"$26,784,424"
190,Kava KAVA,$0.4585,0.0%,3.1%,3.7%,,"$15,002,744"
191,TrueUSD TUSD,$0.9983,0.0%,0.1%,0.0%,,"$22,888,023"
192,PayPal USD PYUSD,$0.9998,0.0%,0.1%,0.1%,,"$13,742,179"
193,VeThor VTHO,$0.005649,1.8%,4.4%,122.0%,,"$140,208,999"
194,Frax Ether FRXETH,"$3,327.45",0.1%,1.1%,1.9%,,"$1,902,909"
195,Polygon PoS Bridged WETH (Polygon POS) WETH,"$3,336.58",0.2%,1.2%,1.9%,,"$16,859,552"
196,tBTC TBTC,"$104,926",0.3%,0.6%,0.4%,,"$7,634,150"
198,SuperVerse SUPER,$1.02,0.4%,2.3%,15.2%,,"$20,919,979"
197,Newton Project NEW,$0.01079,0.3%,73.0%,1099.2%,,"$17,170,287"
199,Livepeer LPT,$12.09,0.0%,1.8%,9.1%,,"$26,924,271"
200,Terra Luna Classic LUNC,$0.00008249,0.2%,3.2%,12.2%,,"$16,014,988"
201,1inch 1INCH,$0.3208,0.0%,4.2%,11.4%,,"$24,240,407"
202,Trust Wallet TWT,$1.07,0.2%,3.5%,7.7%,,"$21,804,490"
203,Stader ETHx ETHX,"$3,501.99",0.5%,1.2%,2.3%,,"$226,748"
204,Kusama KSM,$27.73,0.2%,2.6%,8.7%,,"$9,605,311"
205,Safe SAFE,$0.8396,0.7%,5.0%,5.6%,,"$12,673,740"
206,Oasis ROSE,$0.06543,0.3%,4.2%,13.1%,,"$24,907,621"
207,Blur BLUR,$0.2032,0.0%,5.3%,4.2%,,"$21,189,112"
208,Theta Fuel TFUEL,$0.06443,0.3%,3.8%,1.1%,,"$4,760,131"
210,Swell Ethereum SWETH,"$3,599.00",0.1%,1.2%,1.9%,,"$985,225"
209,LayerZero ZRO,$3.92,0.4%,2.8%,12.0%,,"$36,755,653"
211,Arkham ARKM,$1.23,0.2%,1.4%,7.4%,,"$50,219,893"
213,io.net IO,$3.20,0.5%,3.2%,0.1%,,"$105,110,123"
212,cat in a dogs world MEW,$0.004862,0.3%,1.1%,22.8%,,"$18,428,689"
215,QuantixAI QAI,$88.75,0.1%,0.6%,0.2%,,"$1,742,279"
214,Dash DASH,$35.50,0.3%,0.9%,6.8%,,"$33,702,669"
216,ORDI ORDI,$20.44,0.1%,4.1%,14.8%,,"$64,302,252"
217,Solayer Staked SOL SSOL,$271.73,0.1%,3.7%,0.4%,,"$5,355,183"
218,Nervos Network CKB,$0.009385,0.0%,2.5%,7.7%,,"$16,155,667"
219,Creditcoin CTC,$1.02,0.1%,0.6%,5.2%,,"$7,343,380"
220,Popcat POPCAT,$0.4304,1.0%,0.3%,27.0%,,"$46,260,813"
221,Bridged USDC (Polygon PoS Bridge) USDC.E,$1.00,0.0%,0.0%,0.1%,,"$17,926,513"
222,Super OETH SUPEROETHB,"$3,338.00",0.1%,1.2%,2.1%,,"$368,156"
223,GRIFFAIN GRIFFAIN,$0.4126,0.7%,6.3%,11.3%,,"$45,697,759"
224,Turbo TURBO,$0.005879,0.2%,0.2%,21.0%,,"$48,225,785"
225,Astar ASTR,$0.05397,0.3%,2.4%,5.7%,,"$10,714,579"
227,USDB USDB,$0.9956,0.0%,1.0%,0.3%,,"$5,493,700"
226,Hashnote USYC USYC,$1.08,0.0%,0.0%,0.2%,,"$39,797.75"
228,Holo HOT,$0.002242,0.6%,2.0%,7.5%,,"$12,313,584"
229,Melania Meme MELANIA,$2.64,1.0%,12.8%,-,,"$203,747,167"
230,Bio Protocol BIO,$0.2428,0.4%,4.5%,21.0%,,"$50,024,070"
231,0x Protocol ZRX,$0.463,0.9%,7.1%,5.6%,,"$43,097,005"
233,Vine VINE,$0.3882,0.4%,32.7%,-,,"$942,363,048"
232,Dog (Bitcoin) DOG,$0.003894,0.0%,0.8%,22.3%,,"$10,525,037"
234,Zilliqa ZIL,$0.02001,0.1%,3.2%,5.6%,,"$14,785,606"
235,OriginTrail TRAC,$0.7788,0.8%,8.5%,14.1%,,"$2,913,394"
236,Ether.fi ETHFI,$1.75,0.5%,3.9%,6.2%,,"$52,387,212"
237,AgentFun.AI AGENTFUN,$3.82,0.4%,0.4%,1.5%,,"$39,658.71"
238,JUST JST,$0.03847,0.1%,0.6%,0.1%,,"$39,908,108"
239,Freysa AI FAI,$0.04613,0.9%,0.4%,15.8%,,"$3,232,259"
240,Ondo US Dollar Yield USDY,$1.06,0.1%,0.6%,0.1%,,"$2,676,363"
241,Baby Doge Coin BABYDOGE,$0.082253,0.1%,3.6%,13.6%,,"$18,477,347"
242,Verus VRSC,$4.75,0.1%,0.7%,6.0%,,"$3,691.59"
243,Olympus OHM,$22.51,0.1%,0.4%,0.5%,,"$505,128"
244,Liquid Staked ETH LSETH,"$3,555.89",0.1%,1.4%,1.9%,,"$16,163.89"
245,MimbleWimbleCoin MWC,$33.53,0.1%,7.7%,28.1%,,"$1,898.41"
246,Binance-Peg BUSD BUSD,$0.9999,0.1%,0.1%,0.0%,,"$3,617,958"
247,cWBTC CWBTC,"$2,109.75",0.1%,0.6%,0.0%,,$0.00
248,MX MX,$3.84,0.0%,1.0%,4.6%,,"$48,590,610"
249,Basic Attention BAT,$0.2391,0.5%,6.3%,1.2%,,"$42,925,426"
250,Aethir ATH,$0.05723,0.3%,0.9%,5.5%,,"$19,036,511"
251,Polygon Bridged WBTC (Polygon POS) WBTC,"$104,969",0.1%,0.6%,0.2%,,"$3,848,462"
252,Staked Frax Ether SFRXETH,"$3,698.72",0.0%,1.3%,2.1%,,"$109,042"
253,Golem GLM,$0.3479,0.3%,2.5%,5.6%,,"$14,953,726"
254,SafePal SFP,$0.6949,0.1%,2.4%,0.3%,,"$7,952,881"
255,Akuma Inu AKUMA,$0.0005066,0.2%,4.1%,12.9%,,"$8,884,144"
256,BENQI Liquid Staked AVAX SAVAX,$44.76,0.4%,6.5%,2.0%,,"$3,832,202"
257,AI Rig Complex ARC,$0.3346,1.4%,5.6%,29.8%,,"$62,913,873"
258,SwissBorg BORG,$0.333,1.2%,0.8%,6.8%,,"$1,421,613"
259,Celo CELO,$0.5843,0.5%,4.0%,6.8%,,"$28,997,227"
260,WOO WOO,$0.1744,0.2%,1.5%,11.3%,,"$16,204,796"
261,IoTeX IOTX,$0.03398,0.3%,3.7%,9.0%,,"$9,021,042"
262,Gas GAS,$4.90,0.0%,4.0%,0.8%,,"$4,957,807"
263,Horizen ZEN,$20.09,0.0%,2.4%,17.1%,,"$16,717,029"
264,Qtum QTUM,$2.99,0.1%,2.8%,5.7%,,"$12,491,605"
265,WEMIX WEMIX,$0.7547,0.3%,1.1%,8.2%,,"$1,839,980"
266,Animecoin ANIME,$0.0561,0.7%,2.5%,-,,"$216,779,992"
267,Peanut the Squirrel PNUT,$0.3093,0.0%,2.6%,38.0%,,"$92,115,662"
268,Ankr Network ANKR,$0.03079,0.5%,2.5%,9.2%,,"$14,067,406"
269,Siacoin SC,$0.005527,0.7%,4.1%,2.0%,,"$22,940,496"
270,Vana VANA,$9.93,0.3%,0.4%,6.6%,,"$10,592,352"
271,Bridged Ether (StarkGate) ETH,"$3,336.63",0.3%,1.3%,2.2%,,"$2,155,543"
272,Bybit Staked SOL BBSOL,$272.89,0.3%,3.7%,4.9%,,"$3,760,261"
273,ZetaChain ZETA,$0.4758,0.1%,6.0%,9.8%,,"$14,685,796"
274,Memecoin MEME,$0.008157,0.2%,1.9%,17.8%,,"$38,316,274"
275,Enjin Coin ENJ,$0.166,0.0%,1.6%,12.4%,,"$16,173,834"
276,Moca Network MOCA,$0.1809,0.6%,5.9%,9.1%,,"$24,355,167"
278,Osmosis OSMO,$0.4166,0.2%,0.0%,6.1%,,"$6,381,792"
277,Polymesh POLYX,$0.2605,0.4%,7.0%,1.5%,,"$8,867,647"
279,UXLINK UXLINK,$0.8665,0.5%,3.2%,8.0%,,"$113,646,757"
280,SATS (Ordinals) SATS,$0.061383,0.9%,8.8%,9.6%,,"$27,368,863"
281,Convex Finance CVX,$3.54,0.5%,1.5%,13.1%,,"$15,516,234"
282,would WOULD,$0.2906,0.2%,2.8%,10.2%,,"$959,024"
283,EthereumPoW ETHW,$2.64,0.0%,1.2%,11.3%,,"$4,713,809"
285,Plume PLUME,$0.1411,2.1%,25.2%,-,,"$188,776,016"
284,aelf ELF,$0.3812,0.0%,0.7%,9.3%,,"$12,929,245"
286,Constellation DAG,$0.07841,0.5%,1.9%,20.3%,,"$2,102,615"
287,Ravencoin RVN,$0.01882,0.1%,2.4%,5.5%,,"$5,474,297"
288,GMT GMT,$0.1045,0.2%,2.4%,12.9%,,"$56,440,178"
289,Drift Protocol DRIFT,$0.9768,0.2%,1.4%,18.1%,,"$27,390,802"
290,Threshold Network T,$0.02661,0.1%,5.3%,4.0%,,"$14,048,118"
291,BOOK OF MEME BOME,$0.003872,0.1%,3.0%,31.3%,,"$62,154,899"
292,Qubic QUBIC,$0.052365,0.1%,1.7%,1.6%,,"$3,469,721"
293,Mantle Bridged USDT (Mantle) USDT,$0.9972,0.1%,0.9%,0.5%,,"$4,316,200"
294,Metars Genesis MRS,$3.15,0.1%,0.6%,0.1%,,"$61,138.66"
295,Chia XCH,$19.05,0.2%,0.2%,10.8%,,"$9,322,386"
296,Harmony ONE,$0.02148,0.3%,2.2%,11.8%,,"$8,671,315"
297,Elixir deUSD DEUSD,$0.9998,0.0%,0.0%,0.1%,,"$2,172,989"
298,Magic Eden ME,$2.01,0.0%,1.9%,15.6%,,"$17,426,842"
299,Aevo AEVO,$0.2861,0.1%,2.5%,11.0%,,"$50,993,977"
300,Kadena KDA,$0.8473,0.7%,4.2%,8.0%,,"$10,483,895"
101,Usual USD USD0,$0.9988,0.0%,0.0%,0.1%,,"$13,706,046"
102,EOS EOS,$0.8128,0.4%,1.4%,8.1%,,"$119,645,673"
103,Kaia KAIA,$0.2079,0.0%,0.8%,8.6%,,"$11,309,185"
104,IOTA IOTA,$0.3346,0.8%,4.0%,8.0%,,"$21,199,129"
105,Tezos XTZ,$1.17,0.4%,1.4%,9.6%,,"$22,159,827"
106,Pyth Network PYTH,$0.3181,0.2%,2.4%,8.3%,,"$40,715,298"
107,DeXe DEXE,$20.13,0.8%,3.1%,18.7%,,"$26,025,977"
108,Ethereum Name Service ENS,$34.32,0.1%,1.1%,2.7%,,"$56,213,866"
109,SPX6900 SPX,$1.20,1.7%,0.3%,12.1%,,"$32,449,560"
110,Maker MKR,"$1,247.47",0.1%,0.4%,7.7%,,"$133,814,105"
111,Flow FLOW,$0.6932,0.3%,2.5%,4.7%,,"$21,581,675"
112,Solv Protocol SolvBTC.BBN SOLVBTC.BBN,"$103,140",0.0%,0.2%,1.1%,,"$6,056,180"
113,Curve DAO CRV,$0.8282,1.5%,2.2%,8.2%,,"$145,273,290"
114,BitTorrent BTT,$0.051076,0.1%,0.1%,4.1%,,"$27,859,843"
115,Bitcoin SV BSV,$52.31,0.1%,1.5%,4.1%,,"$20,520,176"
116,NEO NEO,$14.35,0.1%,3.3%,5.8%,,"$17,016,010"
117,Jupiter Staked SOL JUPSOL,$278.45,0.1%,3.9%,4.4%,,"$39,903,441"
118,Arweave AR,$14.75,0.5%,2.8%,9.3%,,"$22,478,346"
119,Renzo Restaked ETH EZETH,"$3,450.11",0.1%,1.3%,2.0%,,"$4,235,652"
120,Beam BEAM,$0.01747,0.1%,4.5%,23.1%,,"$48,282,070"
121,Axie Infinity AXS,$5.80,0.1%,1.7%,5.3%,,"$31,491,892"
122,Starknet STRK,$0.3765,0.0%,4.0%,8.8%,,"$53,494,059"
123,Binance-Peg Dogecoin DOGE,$0.3547,0.1%,1.5%,9.6%,,"$2,260,007"
124,THORChain RUNE,$2.56,0.3%,18.9%,29.9%,,"$689,552,954"
125,ai16z AI16Z,$0.8168,0.4%,1.9%,16.6%,,"$134,627,766"
126,Decentraland MANA,$0.4787,0.1%,0.7%,5.4%,,"$54,111,411"
127,AIOZ Network AIOZ,$0.7687,0.2%,1.4%,16.7%,,"$8,538,781"
128,ether.fi Staked ETH EETH,"$3,327.70",0.2%,1.3%,1.7%,,"$125,624"
129,Arbitrum Bridged WBTC (Arbitrum One) WBTC,"$104,807",0.1%,0.5%,0.2%,,"$68,559,475"
130,Brett BRETT,$0.08672,0.4%,0.6%,20.9%,,"$27,009,222"
131,MultiversX EGLD,$30.73,0.1%,2.3%,11.0%,,"$17,523,157"
132,Wrapped BNB WBNB,$689.21,0.0%,0.9%,2.2%,,"$39,384,057"
133,dYdX DYDX,$1.16,0.1%,1.9%,9.0%,,"$27,584,053"
134,Jito JTO,$2.88,1.1%,3.8%,11.1%,,"$57,525,427"
135,Polygon MATIC,$0.4401,0.1%,1.6%,6.0%,,"$4,556,663"
136,Core CORE,$0.8356,0.2%,1.6%,8.1%,,"$26,669,612"
137,Aerodrome Finance AERO,$1.01,0.1%,1.1%,16.1%,,"$34,946,285"
138,USDD USDD,$0.9977,0.2%,0.2%,0.2%,,"$2,637,881"
139,Mantle Restaked ETH CMETH,"$3,518.27",0.1%,1.3%,2.3%,,"$8,061,191"
140,Zcash ZEC,$46.90,0.4%,1.7%,5.7%,,"$95,965,991"
141,Conflux CFX,$0.1532,0.4%,1.3%,5.8%,,"$34,342,487"
142,L2 Standard Bridged WETH (Base) WETH,"$3,336.41",0.2%,1.2%,1.8%,,"$592,392,335"
143,ApeCoin APE,$0.9955,0.4%,1.1%,6.6%,,"$73,338,696"
144,Chiliz CHZ,$0.07589,0.2%,3.3%,6.7%,,"$38,114,888"
145,Arbitrum Bridged WETH (Arbitrum One) WETH,"$3,337.04",0.1%,1.2%,2.1%,,"$267,774,704"
146,Reserve Rights RSR,$0.01264,0.0%,1.9%,13.3%,,"$46,994,471"
147,Helium HNT,$3.90,0.1%,2.5%,24.5%,,"$9,456,689"
148,Ether.fi Staked BTC EBTC,"$104,953",0.1%,0.6%,0.1%,,"$1,219,244"
149,Akash Network AKT,$2.79,0.1%,2.0%,6.3%,,"$5,338,563"
150,Amp AMP,$0.008129,3.6%,9.1%,1.3%,,"$60,001,860"
151,Tether Gold XAUT,"$2,760.59",0.2%,0.1%,2.8%,,"$4,960,557"
153,Morpho MORPHO,$3.11,0.3%,5.5%,16.4%,,"$51,564,073"
152,Compound COMP,$76.06,0.0%,2.7%,7.1%,,"$41,944,578"
154,Eigenlayer EIGEN,$2.85,1.6%,1.5%,0.5%,,"$87,773,264"
155,eCash XEC,$0.00003366,0.2%,2.7%,3.9%,,"$31,079,298"
156,DeepBook DEEP,$0.2599,1.9%,2.3%,9.9%,,"$27,803,036"
157,Frax FRAX,$0.9971,0.0%,0.1%,0.2%,,"$6,146,926"
158,Wormhole W,$0.2281,0.2%,1.6%,7.4%,,"$33,707,852"
159,MEOW MEOW,$0.007065,0.6%,13.7%,40.7%,,"$1,051,170"
160,usdx.money USDX USDX,$0.9995,0.0%,0.6%,0.1%,,"$1,776,166"
161,Pendle PENDLE,$3.76,0.1%,3.3%,3.4%,,"$48,891,936"
162,Ronin RON,$1.62,0.1%,0.2%,7.0%,,"$17,749,651"
163,PancakeSwap CAKE,$2.12,0.1%,1.0%,8.8%,,"$37,165,451"
164,pumpBTC PUMPBTC,"$102,178",0.0%,0.8%,9.0%,,"$24,676.41"
165,Ultima ULTIMA,"$14,121.56",0.1%,1.3%,47.4%,,"$5,293,351"
166,Gigachad GIGA,$0.06308,1.6%,2.3%,10.7%,,"$23,535,014"
167,Mina Protocol MINA,$0.4965,0.1%,2.3%,11.1%,,"$19,721,414"
168,Gnosis GNO,$229.90,0.2%,1.9%,2.3%,,"$7,675,221"
169,Axelar AXL,$0.6462,0.0%,1.0%,3.7%,,"$12,090,407"
170,Resolv USR USR,$1.00,0.0%,0.0%,0.1%,,"$12,958,309"
171,ZKsync ZK,$0.1534,0.0%,2.1%,10.2%,,"$43,777,293"
172,PAX Gold PAXG,"$2,765.36",0.0%,0.1%,2.9%,,"$10,158,725"
173,Mog Coin MOG,$0.051426,0.4%,1.3%,16.4%,,"$20,837,916"
175,Toshi TOSHI,$0.001311,3.3%,94.5%,239.5%,,"$802,247,918"
174,Synthetix Network SNX,$1.61,0.1%,2.5%,9.1%,,"$38,243,974"
177,Avalanche Bridged BTC (Avalanche) BTC.B,"$105,024",0.0%,0.7%,0.3%,,"$23,840,072"
176,aixbt by Virtuals AIXBT,$0.6326,1.0%,1.8%,10.8%,,"$133,342,527"
178,Coinbase Wrapped Staked ETH CBETH,"$3,624.98",0.1%,1.3%,1.9%,,"$11,827,799"
179,Beldex BDX,$0.07724,0.0%,1.8%,2.6%,,"$4,786,068"
180,Echelon Prime PRIME,$10.06,0.1%,0.1%,27.4%,,"$10,789,268"
181,Telcoin TEL,$0.006756,0.8%,1.8%,9.5%,,"$2,340,427"
182,dYdX ETHDYDX,$1.17,0.2%,2.2%,8.6%,,"$47,271,143"
183,INSURANCE INSURANCE,$27.90,0.0%,1.5%,11.7%,,"$43,819.54"
184,StakeStone Berachain Vault Token BERASTONE,"$3,334.94",0.0%,1.4%,1.9%,,"$5,807,513"
185,Notcoin NOT,$0.005042,0.0%,3.7%,12.5%,,"$29,770,126"
186,CHEX Token CHEX,$0.5064,0.9%,0.7%,1.4%,,"$2,262,247"
187,Grass GRASS,$2.06,0.5%,10.9%,18.3%,,"$37,965,222"
188,Snek SNEK,$0.006742,0.5%,0.7%,12.2%,,"$2,954,968"
189,APENFT NFT,$0.065058,0.4%,1.2%,2.1%,,"$26,786,320"
190,Kava KAVA,$0.4585,0.0%,3.1%,3.7%,,"$15,001,390"
191,TrueUSD TUSD,$0.9981,0.0%,0.1%,0.0%,,"$22,890,529"
192,PayPal USD PYUSD,$1.00,0.0%,0.1%,0.1%,,"$13,796,181"
193,VeThor VTHO,$0.005656,1.8%,4.4%,122.0%,,"$140,251,341"
194,Frax Ether FRXETH,"$3,327.47",0.1%,1.1%,1.9%,,"$1,902,904"
195,Polygon PoS Bridged WETH (Polygon POS) WETH,"$3,336.58",0.2%,1.2%,1.9%,,"$16,859,534"
196,tBTC TBTC,"$104,929",0.3%,0.6%,0.4%,,"$7,650,222"
198,SuperVerse SUPER,$1.02,0.4%,2.3%,15.2%,,"$20,904,833"
197,Newton Project NEW,$0.01079,0.3%,73.0%,1099.2%,,"$17,170,287"
199,Livepeer LPT,$12.09,0.0%,1.7%,9.1%,,"$26,767,595"
200,Terra Luna Classic LUNC,$0.00008246,0.2%,3.1%,12.2%,,"$16,013,607"
201,1inch 1INCH,$0.3207,0.1%,4.1%,11.5%,,"$24,245,992"
202,Trust Wallet TWT,$1.07,0.1%,3.4%,7.8%,,"$21,740,340"
203,Stader ETHx ETHX,"$3,502.01",0.5%,1.2%,2.3%,,"$226,749"
204,Kusama KSM,$27.72,0.2%,2.5%,8.8%,,"$9,599,430"
205,Safe SAFE,$0.8396,0.7%,5.0%,5.6%,,"$12,673,148"
206,Oasis ROSE,$0.06541,0.2%,4.1%,13.2%,,"$24,904,285"
207,Blur BLUR,$0.2032,0.0%,5.3%,4.3%,,"$21,155,050"
208,Theta Fuel TFUEL,$0.06438,0.2%,3.7%,1.2%,,"$4,759,926"
210,Swell Ethereum SWETH,"$3,599.02",0.1%,1.2%,1.9%,,"$985,231"
209,LayerZero ZRO,$3.92,0.4%,2.8%,12.1%,,"$36,750,284"
211,Arkham ARKM,$1.23,0.1%,1.4%,7.4%,,"$50,209,256"
213,io.net IO,$3.20,0.4%,3.1%,0.1%,,"$104,882,806"
212,cat in a dogs world MEW,$0.004862,0.4%,1.0%,22.9%,,"$18,432,767"
215,QuantixAI QAI,$88.75,0.1%,0.6%,0.2%,,"$1,742,288"
214,Dash DASH,$35.49,0.3%,0.9%,6.9%,,"$33,666,854"
217,Solayer Staked SOL SSOL,$271.86,0.0%,3.8%,0.3%,,"$5,352,277"
216,ORDI ORDI,$20.42,0.3%,4.0%,14.9%,,"$64,375,841"
218,Nervos Network CKB,$0.009383,0.1%,2.4%,7.8%,,"$16,163,290"
219,Creditcoin CTC,$1.02,0.2%,0.5%,5.2%,,"$7,343,448"
220,Popcat POPCAT,$0.4303,1.2%,0.5%,27.1%,,"$46,249,528"
221,Bridged USDC (Polygon PoS Bridge) USDC.E,$1.00,0.0%,0.0%,0.1%,,"$17,926,611"
222,Super OETH SUPEROETHB,"$3,338.02",0.1%,1.3%,2.1%,,"$379,325"
223,GRIFFAIN GRIFFAIN,$0.4123,1.0%,6.5%,11.5%,,"$45,723,506"
224,Turbo TURBO,$0.005878,0.3%,0.3%,21.1%,,"$48,201,653"
225,Astar ASTR,$0.05397,0.2%,2.4%,5.8%,,"$10,713,930"
227,USDB USDB,$0.9943,0.2%,1.2%,0.4%,,"$5,477,695"
226,Hashnote USYC USYC,$1.08,0.0%,0.0%,0.2%,,"$39,797.97"
228,Holo HOT,$0.002241,0.6%,2.0%,7.5%,,"$12,313,957"
229,Melania Meme MELANIA,$2.64,1.0%,12.8%,-,,"$203,653,033"
230,Bio Protocol BIO,$0.2426,0.5%,4.6%,21.1%,,"$50,032,825"
231,0x Protocol ZRX,$0.463,0.9%,7.1%,5.6%,,"$43,103,737"
232,Dog (Bitcoin) DOG,$0.003894,0.1%,0.6%,22.4%,,"$10,521,735"
234,Zilliqa ZIL,$0.02,0.2%,3.1%,5.7%,,"$13,951,788"
235,OriginTrail TRAC,$0.7789,0.9%,8.5%,14.1%,,"$2,914,592"
